/*
 Navicat Premium Data Transfer

 Source Server         : localhost
 Source Server Type    : MySQL
 Source Server Version : 80027
 Source Host           : localhost:3306
 Source Schema         : android

 Target Server Type    : MySQL
 Target Server Version : 80027
 File Encoding         : 65001

 Date: 12/07/2023 18:04:34
*/

SET NAMES utf8mb4;
SET FOREIGN_KEY_CHECKS = 0;

-- ----------------------------
-- Table structure for base
-- ----------------------------
DROP TABLE IF EXISTS `base`;
CREATE TABLE `base`  (
  `id` bigint NOT NULL,
  `create_time` datetime NOT NULL,
  `update_time` datetime NOT NULL,
  `status` tinyint NOT NULL DEFAULT 0,
  PRIMARY KEY (`id`) USING BTREE
) ENGINE = InnoDB CHARACTER SET = utf8mb4 COLLATE = utf8mb4_0900_ai_ci ROW_FORMAT = Dynamic;

-- ----------------------------
-- Records of base
-- ----------------------------

-- ----------------------------
-- Table structure for examine_demand
-- ----------------------------
DROP TABLE IF EXISTS `examine_demand`;
CREATE TABLE `examine_demand`  (
  `id` bigint NOT NULL,
  `cheat_id` bigint NULL DEFAULT NULL,
  `user_id` bigint NULL DEFAULT NULL,
  `create_time` datetime NULL DEFAULT NULL,
  `update_time` datetime NULL DEFAULT NULL,
  `status` tinyint NULL DEFAULT 0,
  `title` varchar(255) CHARACTER SET utf8mb4 COLLATE utf8mb4_0900_ai_ci NULL DEFAULT '',
  `theme` varchar(255) CHARACTER SET utf8mb4 COLLATE utf8mb4_0900_ai_ci NULL DEFAULT '',
  `body` varchar(511) CHARACTER SET utf8mb4 COLLATE utf8mb4_0900_ai_ci NULL DEFAULT '',
  `technical_selection` varchar(255) CHARACTER SET utf8mb4 COLLATE utf8mb4_0900_ai_ci NULL DEFAULT '',
  `budget` bigint NULL DEFAULT NULL,
  `annex_id` bigint NULL DEFAULT NULL,
  `message` varchar(255) CHARACTER SET utf8mb4 COLLATE utf8mb4_0900_ai_ci NULL DEFAULT NULL,
  `examine_condition` tinyint NOT NULL DEFAULT 0,
  `dead_time` datetime NULL DEFAULT NULL ON UPDATE CURRENT_TIMESTAMP,
  PRIMARY KEY (`id`) USING BTREE
) ENGINE = InnoDB CHARACTER SET = utf8mb4 COLLATE = utf8mb4_0900_ai_ci ROW_FORMAT = Dynamic;

-- ----------------------------
-- Records of examine_demand
-- ----------------------------
INSERT INTO `examine_demand` VALUES (1674346777694048258, NULL, 1671370755721060400, '2023-06-29 17:19:14', '2023-06-29 20:09:53', 0, 'asd ', '123', '2133', '123', 123, 1671422906509971457, NULL, 1, '2023-06-29 20:09:52');
INSERT INTO `examine_demand` VALUES (1674346777731796993, NULL, 1671370755721060400, '2023-06-29 17:19:14', '2023-06-29 20:12:21', 0, 'asd ', '123', '2133', '123', 123, 1671422906509971457, NULL, 1, '2023-06-29 20:12:20');
INSERT INTO `examine_demand` VALUES (1674393055513710594, NULL, 1671370755721060400, '2023-06-29 20:23:08', '2023-06-29 20:23:46', 0, 'asd ', '123', '2133', '123', 123, 1671422906509971457, NULL, 1, '2023-06-29 20:23:45');
INSERT INTO `examine_demand` VALUES (1674393055513710595, NULL, 1671370755721060400, '2023-06-29 20:23:08', '2023-07-02 17:11:38', 0, 'asd ', '123', '2133', '123', 123, 1671422906509971457, NULL, 1, '2023-07-02 17:11:38');
INSERT INTO `examine_demand` VALUES (1675503282354266113, NULL, 1671370755721060354, '2023-07-02 21:54:47', '2023-07-02 22:27:06', 0, '的发生大大苏打实打实水水水水水水水水水萨顶顶顶顶顶顶顶', '', '阿三顶顶顶顶顶顶顶顶顶顶顶顶顶顶顶顶顶撒顶顶顶顶顶顶顶顶顶顶顶顶顶顶顶撒啊啊啊啊啊啊啊啊', 'java c++ vue ps react', 30, 1675069076490838018, NULL, 1, '2023-07-02 22:27:05');
INSERT INTO `examine_demand` VALUES (1675706956657627138, NULL, 1671370755721060354, '2023-07-03 11:24:06', '2023-07-06 14:06:42', 0, '还好iOS就哦啊商家来说拉克丝离开了阿迪斯', '', '杀杀杀帆帆帆帆帆帆帆帆帆帆帆帆帆帆帆帆是反对法烦烦烦烦烦烦烦烦烦烦烦烦烦烦烦', 'java c++ ps', 20, 1675069076490838018, '不可能', 2, '2023-07-06 14:06:42');
INSERT INTO `examine_demand` VALUES (1675794434483740673, NULL, 1675713231919423489, '2023-07-03 17:11:43', '2023-07-04 17:39:16', 0, '新需求1', '', '我是十大啊啊啊啊啊啊啊啊啊啊啊啊潇洒啊啊啊啊啊啊', 'java c++', 20, 1675069076490838018, NULL, 1, '2023-07-04 17:39:15');
INSERT INTO `examine_demand` VALUES (1675809920827207681, NULL, 1675713231919423489, '2023-07-03 18:13:15', '2023-07-06 18:17:18', 0, '伟大的撒旦', '', '阿三顶顶顶顶顶顶顶顶顶顶顶顶顶顶顶顶顶', 'java vue', 15, 1675069076490838018, NULL, 1, '2023-07-06 18:17:18');
INSERT INTO `examine_demand` VALUES (1676163268394852354, NULL, 1675713231919423489, '2023-07-04 17:37:19', '2023-07-04 17:39:06', 0, '我是需求101', '', '急急急急急急急急急水水水水水水水水水水水水水嘻嘻嘻嘻嘻嘻嘻嘻嘻嘻嘻嘻顶顶顶顶顶顶顶', 'java c++', 15, 1675069076490838018, NULL, 1, '2023-07-04 17:39:05');
INSERT INTO `examine_demand` VALUES (1676496517746868226, NULL, 1676490289872322561, '2023-07-05 15:41:32', '2023-07-05 15:57:11', 0, '急需室内设计师装修', '', '三室两厅，预算不超过12w，要求装修效果干净整洁。', '品牌设计师', 1200000, 1676496213391392769, NULL, 1, '2023-07-05 15:57:10');
INSERT INTO `examine_demand` VALUES (1676497048024334338, NULL, 1676490289872322561, '2023-07-05 15:43:39', '2023-07-05 15:57:15', 0, '农村盖房子，给孩子的婚房，有经验的来', '', '农村盖房子，给孩子的婚房，最好建个小别野，会的来，不会勿扰，谢谢谢', '建筑设计师', 20000000, 1676496213391392769, NULL, 1, '2023-07-05 15:57:14');
INSERT INTO `examine_demand` VALUES (1676497397867036674, NULL, 1676490289872322561, '2023-07-05 15:45:02', '2023-07-05 15:57:23', 0, '开发一款台球小游戏，斯诺克加中八即可，\n有意者私聊', '', 'qq那个2D桌球就不错，在家没事自己玩的', '游戏设计师', 2000, 1676496213391392769, NULL, 1, '2023-07-05 15:57:22');
INSERT INTO `examine_demand` VALUES (1676497604059021313, NULL, 1676490289872322561, '2023-07-05 15:45:51', '2023-07-05 15:57:26', 0, '期末大作业，加急！！！', '', '具体需求见附件，速度来', 'java', 200, 1676496213391392769, NULL, 1, '2023-07-05 15:57:25');
INSERT INTO `examine_demand` VALUES (1676497938181472258, NULL, 1676490289872322561, '2023-07-05 15:47:11', '2023-07-05 15:57:19', 0, '开发个app管理小页面，有意者私聊', '', 'app管理，会的来', '网页设计师 vue java', 2000, 1676496213391392769, NULL, 1, '2023-07-05 15:57:18');
INSERT INTO `examine_demand` VALUES (1676502754056159233, NULL, 1676501636131536897, '2023-07-05 16:06:19', '2023-07-05 16:26:42', 0, '来个飘逸发型，拒绝杀马特，拒绝锅盖头，会的来', '', '速度速度来啊', '造型设计师', 100, 1676496213391392769, NULL, 1, '2023-07-05 16:26:41');
INSERT INTO `examine_demand` VALUES (1676503765680377857, NULL, 1676501636131536897, '2023-07-05 16:10:20', '2023-07-05 16:26:45', 0, '来个姐妹设计一款掘掘子美丽小仙女造型，😘', '', '爱你哦', '造型设计师', 1200, 1676496213391392769, NULL, 1, '2023-07-05 16:26:44');
INSERT INTO `examine_demand` VALUES (1676504290622689282, NULL, 1676501636131536897, '2023-07-05 16:12:25', '2023-07-05 16:26:55', 0, '来个珠宝设计的，急需，有意者私聊，价格好商量！！！！！', '', '速度', '珠宝设计师', 0, 1676496213391392769, NULL, 1, '2023-07-05 16:26:55');
INSERT INTO `examine_demand` VALUES (1676504447955226625, NULL, 1676501636131536897, '2023-07-05 16:13:03', '2023-07-05 16:27:04', 0, 'java+vue前后端开发，会的来', '', '速度来', 'java vue', 2000, 1676496213391392769, NULL, 1, '2023-07-05 16:27:03');
INSERT INTO `examine_demand` VALUES (1676504701454766081, NULL, 1676501636131536897, '2023-07-05 16:14:03', '2023-07-05 16:27:02', 0, '能帮我把后面的合肥工业大学P掉吗，太没牌面了，换成安徽大学好吗？', '', '如题', 'ps', 20, 1676496213391392769, NULL, 1, '2023-07-05 16:27:01');
INSERT INTO `examine_demand` VALUES (1676506182186684417, NULL, 1676501636131536897, '2023-07-05 16:19:56', '2023-07-05 16:26:58', 0, '设计一款衣服，要求包含附件中的元素，有特色一点，不落俗套，价格可以商量', '', '如题', '品牌设计师', 1200, 1676496213391392769, NULL, 1, '2023-07-05 16:26:58');
INSERT INTO `examine_demand` VALUES (1676506587499057154, NULL, 1676501636131536897, '2023-07-05 16:21:33', '2023-07-05 16:26:53', 0, 'C++大一大作业，简易计算器，会的来', '', '速度', 'c++', 1200, 1676496213391392769, NULL, 1, '2023-07-05 16:26:52');
INSERT INTO `examine_demand` VALUES (1676507689623670786, NULL, 1676501636131536897, '2023-07-05 16:25:56', '2023-07-05 16:26:49', 0, '死神vs火影，会的来', '', '速度', '游戏设计师 c++', 1200, 1676496213391392769, NULL, 1, '2023-07-05 16:26:49');
INSERT INTO `examine_demand` VALUES (1676512958449594370, NULL, 1675677815413624834, '2023-07-05 16:46:52', '2023-07-05 16:47:56', 0, '第三大家快乐连连看的啦啦啦啦啦啦啦啦啦兴冲冲纯纯粹粹踩踩踩踩踩下踩踩踩踩踩踩踩踩踩', '', '时代背景酷酷酷酷酷酷酷酷酷酷酷酷酷酷酷现场踩踩踩踩踩踩踩踩踩', '造型设计师 珠宝设计师 java', 30, 1675069076490838018, NULL, 1, '2023-07-05 16:47:56');
INSERT INTO `examine_demand` VALUES (1676515289278889985, 1676513227434504193, 1675677815413624834, '2023-07-05 16:56:08', '2023-07-06 18:17:32', 0, '啊水水水水水水水水水水水水水水水水v设计的顶顶顶顶顶顶顶顶顶顶顶顶顶顶顶下', '', 'uhi i即开始兴冲冲纯纯粹粹踩踩踩踩踩踩踩踩在在在在在在在在在嘴杂', 'c++ 品牌设计师 建筑设计师', 20, 1675069076490838018, NULL, 1, '2023-07-06 18:17:31');
INSERT INTO `examine_demand` VALUES (1676568524903579650, NULL, 1676564493271556098, '2023-07-05 20:27:40', '2023-07-06 18:17:49', 0, '珠宝定制，非诚勿扰！', '', '当面联系', '珠宝设计师', 10000, 1676496213391392769, NULL, 1, '2023-07-06 18:17:49');
INSERT INTO `examine_demand` VALUES (1676568913275158530, NULL, 1676564493271556098, '2023-07-05 20:29:13', '2023-07-06 18:17:15', 0, '房屋定制，非诚勿扰', '', '面议', '建筑设计师', 5000000, 1676496213391392769, NULL, 1, '2023-07-06 18:17:14');
INSERT INTO `examine_demand` VALUES (1676569047841013761, NULL, 1676564493271556098, '2023-07-05 20:29:45', '2023-07-06 18:18:03', 0, 'C++定制，非诚勿扰！！', '', '面议', 'c++', 200, 1676496213391392769, NULL, 1, '2023-07-06 18:18:03');
INSERT INTO `examine_demand` VALUES (1676569259775000577, NULL, 1676564493271556098, '2023-07-05 20:30:35', '2023-07-06 18:18:07', 0, 'java定制，非诚勿扰', '', '面议', 'java', 3000, 1676496213391392769, NULL, 1, '2023-07-06 18:18:06');
INSERT INTO `examine_demand` VALUES (1676569390133968897, NULL, 1676564493271556098, '2023-07-05 20:31:06', '2023-07-06 18:18:10', 0, 'p图，非诚勿扰', '', '面议', 'ps', 100, 1676496213391392769, NULL, 1, '2023-07-06 18:18:09');
INSERT INTO `examine_demand` VALUES (1676569546757668866, NULL, 1676564493271556098, '2023-07-05 20:31:44', '2023-07-06 18:18:13', 0, '品牌定制，非诚勿扰', '', '面议', '品牌设计师', 1234, 1676496213391392769, NULL, 1, '2023-07-06 18:18:13');
INSERT INTO `examine_demand` VALUES (1676569791432392705, NULL, 1676564493271556098, '2023-07-05 20:32:42', '2023-07-06 18:17:58', 0, '造型设计，非诚勿扰！', '', '面议', '造型设计师', 987, 1676496213391392769, NULL, 1, '2023-07-06 18:17:57');
INSERT INTO `examine_demand` VALUES (1676897645248544769, NULL, 1676887366993375234, '2023-07-06 18:15:29', '2023-07-06 18:17:44', 0, '我笑了', '', 'okok', '游戏设计师 c++', 200, 1676496213391392769, '不可能', 2, '2023-07-06 18:17:44');
INSERT INTO `examine_demand` VALUES (1676899274974724097, NULL, 1676887366993375234, '2023-07-06 18:21:57', '2023-07-06 18:22:14', 0, '我笑了', '', 'okk', '建筑设计师 vue', 200, 1676496213391392769, NULL, 1, '2023-07-06 18:22:14');
INSERT INTO `examine_demand` VALUES (1676909721455067138, NULL, 1676887366993375234, '2023-07-06 19:03:28', '2023-07-06 19:03:44', 0, '张hj', '', '你好', 'vue', 250, 1676496213391392769, NULL, 1, '2023-07-06 19:03:43');

-- ----------------------------
-- Table structure for examine_user
-- ----------------------------
DROP TABLE IF EXISTS `examine_user`;
CREATE TABLE `examine_user`  (
  `id` bigint NOT NULL,
  `cheat_id` bigint NULL DEFAULT NULL,
  `email` varchar(32) CHARACTER SET utf8mb4 COLLATE utf8mb4_0900_ai_ci NULL DEFAULT '',
  `create_time` datetime NULL DEFAULT NULL,
  `update_time` datetime NULL DEFAULT NULL,
  `status` tinyint(1) NULL DEFAULT NULL COMMENT '0: 正常，1：停用',
  `tag` varchar(64) CHARACTER SET utf8mb4 COLLATE utf8mb4_0900_ai_ci NULL DEFAULT '',
  `nickname` varchar(32) CHARACTER SET utf8mb4 COLLATE utf8mb4_0900_ai_ci NULL DEFAULT NULL,
  `avatar` bigint NULL DEFAULT 0,
  `qualification` bigint NULL DEFAULT NULL,
  `message` varchar(255) CHARACTER SET utf8mb4 COLLATE utf8mb4_0900_ai_ci NULL DEFAULT NULL,
  `examine_condition` tinyint NOT NULL DEFAULT 0,
  PRIMARY KEY (`id`) USING BTREE
) ENGINE = InnoDB CHARACTER SET = utf8mb4 COLLATE = utf8mb4_0900_ai_ci ROW_FORMAT = Dynamic;

-- ----------------------------
-- Records of examine_user
-- ----------------------------
INSERT INTO `examine_user` VALUES (1675771126958686209, 1675713231919423489, '1264989653@qq.com', '2023-07-03 15:39:06', '2023-07-03 15:55:14', 0, 'java c++ vue ps react', 'qqsaknd', 1674726291338407937, 1674727017020108802, NULL, 1);
INSERT INTO `examine_user` VALUES (1675835574377443329, 1675677815413624834, 'huanghao@hfut.edu.cn', '2023-07-03 19:55:11', '2023-07-03 19:55:31', 0, 'c++ react vue', '啊实打实的', 1674727286290231297, 1674727286290231297, NULL, 1);
INSERT INTO `examine_user` VALUES (1676426862361497601, 1675713231919423489, '1264989653@qq.com', '2023-07-05 11:04:45', '2023-07-05 11:05:10', 0, 'java c++ vue react', 'hh', 1674730865008816129, 1674726291338407937, NULL, 1);
INSERT INTO `examine_user` VALUES (1676428032756862977, 1675713231919423489, '1264989653@qq.com', '2023-07-05 11:09:24', '2023-07-05 11:09:43', 0, 'java', 'hhh', 1674730865008816129, 1674726291338407937, NULL, 1);
INSERT INTO `examine_user` VALUES (1676428433145122818, 1675713231919423489, '1264989653@qq.com', '2023-07-05 11:11:00', '2023-07-05 11:11:11', 0, 'ps', 'hh', 1674730865008816129, 1674726291338407937, NULL, 1);
INSERT INTO `examine_user` VALUES (1676477036412727297, 1675713231919423489, '1264989653@qq.com', '2023-07-05 14:24:08', '2023-07-05 14:28:46', 0, 'java c++ vue react', 'qqw', 1674730865008816129, 1674726291338407937, NULL, 1);
INSERT INTO `examine_user` VALUES (1676481571541696513, 1675713231919423489, '1264989653@qq.com', '2023-07-05 14:42:09', '2023-07-05 14:45:30', 0, 'java c++ vue', 'hhh', 1674730865008816129, 1674730865008816129, NULL, 1);
INSERT INTO `examine_user` VALUES (1676490524019343362, 1676490289872322561, 'zhanghjzzz@qq.com', '2023-07-05 15:17:43', '2023-07-05 15:35:34', 0, 'c++', '1e4ves', 0, NULL, 'bkn', 2);
INSERT INTO `examine_user` VALUES (1676490723143925761, 1676490289872322561, 'zhanghjzzz@qq.com', '2023-07-05 15:18:31', '2023-07-05 15:38:26', 0, 'c++', '1e4ves', 0, NULL, '不可能', 2);
INSERT INTO `examine_user` VALUES (1676491373500121089, 1676490289872322561, 'zhanghjzzz@qq.com', '2023-07-05 15:21:06', '2023-07-05 15:38:32', 0, 'c++', 'zhj', 0, NULL, '不可能', 2);
INSERT INTO `examine_user` VALUES (1676492433040031746, 1675713231919423489, '1264989653@qq.com', '2023-07-05 15:25:18', '2023-07-05 15:56:55', 0, '造型设计师 游戏设计师 建筑设计师', 'hksd', 1674727286290231297, 1676492404434878465, NULL, 1);
INSERT INTO `examine_user` VALUES (1676493137016209409, 1676490289872322561, 'zhanghjzzz@qq.com', '2023-07-05 15:28:06', '2023-07-05 15:28:24', 0, 'c++', '1e4ves', 1676493065012592641, 1676493065012592641, NULL, 1);
INSERT INTO `examine_user` VALUES (1676502307308257281, 1676501636131536897, 'hhhuanghao@qq.com', '2023-07-05 16:04:33', '2023-07-05 16:26:23', 0, '品牌设计师', 'zhjzhj', 1676501210489372674, 1676501210489372674, NULL, 1);
INSERT INTO `examine_user` VALUES (1676562062315872257, 1675713231919423489, '1264989653@qq.com', '2023-07-05 20:01:59', '2023-07-05 20:02:09', 0, '网页设计师 珠宝设计师 java 建筑设计师', '撒旦的', 1674730865008816129, 1674726291338407937, NULL, 1);
INSERT INTO `examine_user` VALUES (1676568284955885569, 1676564493271556098, 'huanghao@qq.com', '2023-07-05 20:26:43', '2023-07-05 20:46:01', 0, 'c++ 游戏设计师', 'hh', 1676567472066158594, 1676567472066158594, NULL, 1);
INSERT INTO `examine_user` VALUES (1676835227013107714, 1675713231919423489, '1264989653@qq.com', '2023-07-06 14:07:27', '2023-07-06 14:07:39', 0, '网页设计师 珠宝设计师 java 建筑设计师', '撒旦的', 1675066626358796290, 1674726291338407937, '不可能', 2);
INSERT INTO `examine_user` VALUES (1676838322753429505, 1676836617873674241, '1264989653@qq.com', '2023-07-06 14:19:45', '2023-07-06 14:20:55', 0, '造型设计师 珠宝设计师 java vue', 'nick_1688623978411', 1676838169158017026, 1674726291338407937, NULL, 1);
INSERT INTO `examine_user` VALUES (1676838918852108289, 1676836617873674241, '1264989653@qq.com', '2023-07-06 14:22:07', '2023-07-06 14:22:16', 0, '造型设计师 珠宝设计师 java vue', 'nick_1688623978411', 1676838895594692610, 1676838169158017026, NULL, 1);
INSERT INTO `examine_user` VALUES (1676869689012834305, 1675713231919423489, '1264989653@qq.com', '2023-07-06 16:24:23', '2023-07-06 16:24:41', 0, '网页设计师 珠宝设计师 java 建筑设计师', '撒旦的', 1676869659258441730, 1676869678766149634, NULL, 1);
INSERT INTO `examine_user` VALUES (1676883971414872066, 1676883627058319361, '123456789@qq.com', '2023-07-06 17:21:08', '2023-07-06 17:21:17', 0, '游戏设计师 java 建筑设计师', 'nick_1688635186262', 1676883904326979586, 1676883904326979586, NULL, 1);
INSERT INTO `examine_user` VALUES (1676887667615920130, 1676887366993375234, '1264989653@qq.com', '2023-07-06 17:35:50', '2023-07-06 17:36:02', 0, '造型设计师 c++ vue', 'qqxqqx', 1676869659258441730, 1676869678766149634, NULL, 1);
INSERT INTO `examine_user` VALUES (1676900471689347073, 1675713231919423489, '1264989653@qq.com', '2023-07-06 18:26:42', '2023-07-06 18:26:57', 0, '网页设计师 珠宝设计师 java 建筑设计师', '撒旦的', 1676890731433357313, 1676869678766149634, NULL, 1);
INSERT INTO `examine_user` VALUES (1676900693077295106, 1671370755721060354, 'qq194183997@163.com', '2023-07-06 18:27:35', '2023-07-06 18:27:53', 0, '游戏设计师 造型设计师 网页设计师', 'nick_1687320815327', 1676900598306996225, 1676900637171417090, NULL, 1);
INSERT INTO `examine_user` VALUES (1676902610188795906, 1676569926816137217, '123456@qq.com', '2023-07-06 18:35:12', '2023-07-06 18:35:19', 0, 'c++', 'Zhang', 1676902502378405889, 1676902586373537793, NULL, 1);
INSERT INTO `examine_user` VALUES (1676903085546045442, 1671370755721060354, 'qq194183997@163.com', '2023-07-06 18:37:06', '2023-07-06 18:37:18', 0, '游戏设计师 造型设计师 网页设计师', '随便写写', 0, NULL, NULL, 1);
INSERT INTO `examine_user` VALUES (1676903427608313857, 1671370755721060354, 'qq194183997@163.com', '2023-07-06 18:38:27', '2023-07-06 18:38:47', 0, '游戏设计师 造型设计师 网页设计师', '随便写写', 1676903275682234369, 1676903416887672833, NULL, 1);

-- ----------------------------
-- Table structure for sys_compete_demand
-- ----------------------------
DROP TABLE IF EXISTS `sys_compete_demand`;
CREATE TABLE `sys_compete_demand`  (
  `id` bigint NOT NULL,
  `create_time` datetime NOT NULL,
  `update_time` datetime NOT NULL,
  `status` tinyint NOT NULL DEFAULT 0,
  `competitor_id` bigint NOT NULL,
  `demand_id` bigint NOT NULL,
  `price` bigint NOT NULL,
  `description` varchar(255) CHARACTER SET utf8mb4 COLLATE utf8mb4_0900_ai_ci NOT NULL,
  PRIMARY KEY (`id`) USING BTREE
) ENGINE = InnoDB CHARACTER SET = utf8mb4 COLLATE = utf8mb4_0900_ai_ci ROW_FORMAT = Dynamic;

-- ----------------------------
-- Records of sys_compete_demand
-- ----------------------------
INSERT INTO `sys_compete_demand` VALUES (1675867288722108417, '2023-07-03 22:01:12', '2023-07-03 22:01:12', 0, 1675713231919423489, 1674389720672927746, 20, '我很nb');
INSERT INTO `sys_compete_demand` VALUES (1676166372813078529, '2023-07-04 17:49:40', '2023-07-04 17:49:40', 0, 1675677815413624834, 1676163713628532737, 30, '我很掉');
INSERT INTO `sys_compete_demand` VALUES (1676519105160200193, '2023-07-05 17:11:18', '2023-07-05 17:11:18', 0, 1675713231919423489, 1676163755487686657, 30, '我是无敌的');
INSERT INTO `sys_compete_demand` VALUES (1676519388858728449, '2023-07-05 17:12:25', '2023-07-05 17:12:25', 0, 1675713231919423489, 1676513227434504193, 30, '是哈哈哈哈哈哈哈哈哈哈哈哈哈哈哈哈哈嘻嘻嘻嘻嘻嘻嘻嘻嘻嘻嘻嘻嘻嘻嘻嘻嘻嘻嘻吱吱吱吱吱吱吱吱');
INSERT INTO `sys_compete_demand` VALUES (1676529324854501377, '2023-07-05 17:51:54', '2023-07-05 17:51:54', 0, 1675677815413624834, 1676163755487686657, 30, '啥都不会加速度加速度看见你下次西南财经可能性客场逆转');
INSERT INTO `sys_compete_demand` VALUES (1676908888491458561, '2023-07-06 19:00:09', '2023-07-06 19:00:09', 0, 1676569926816137217, 1676899346156257282, 200, '我太强了');
INSERT INTO `sys_compete_demand` VALUES (1676909971167150081, '2023-07-06 19:04:27', '2023-07-06 19:04:27', 0, 1676564493271556098, 1676909787775401985, 200, '很强');
INSERT INTO `sys_compete_demand` VALUES (1676910133360885762, '2023-07-06 19:05:06', '2023-07-06 19:05:06', 0, 1676490289872322561, 1676909787775401985, 300, '我姓张');
INSERT INTO `sys_compete_demand` VALUES (1676910772497317889, '2023-07-06 19:07:38', '2023-07-06 19:07:38', 0, 1676569926816137217, 1676909787775401985, 150, '我帅');
INSERT INTO `sys_compete_demand` VALUES (1676966793488015361, '2023-07-06 22:50:15', '2023-07-06 22:50:15', 0, 1676564493271556098, 1676500453086150657, 100, '我装修很稳的\n');
INSERT INTO `sys_compete_demand` VALUES (1676966909422772225, '2023-07-06 22:50:42', '2023-07-06 22:50:42', 0, 1676575328182108162, 1676500453086150657, 200, '我很强');
INSERT INTO `sys_compete_demand` VALUES (1676966996974673922, '2023-07-06 22:51:03', '2023-07-06 22:51:03', 0, 1676569926816137217, 1676500453086150657, 250, '66666666');

-- ----------------------------
-- Table structure for sys_cooperate_demand
-- ----------------------------
DROP TABLE IF EXISTS `sys_cooperate_demand`;
CREATE TABLE `sys_cooperate_demand`  (
  `id` bigint NOT NULL,
  `demand_id` bigint NOT NULL,
  `user_id` bigint NOT NULL,
  `designer_id` bigint NOT NULL,
  `update_time` datetime NOT NULL,
  `status` tinyint NOT NULL DEFAULT 0,
  `works_id` bigint NOT NULL DEFAULT 0,
  `create_time` datetime NOT NULL,
  `deposit` varchar(255) CHARACTER SET utf8mb4 COLLATE utf8mb4_0900_ai_ci NOT NULL,
  `money` varchar(255) CHARACTER SET utf8mb4 COLLATE utf8mb4_0900_ai_ci NOT NULL,
  `dead_time` datetime NOT NULL,
  `works_condition` tinyint NOT NULL DEFAULT 0,
  `payment_condition` tinyint NOT NULL DEFAULT 0,
  `grade` tinyint NULL DEFAULT NULL,
  `evaluation` varchar(255) CHARACTER SET utf8mb4 COLLATE utf8mb4_0900_ai_ci NULL DEFAULT NULL,
  `part_order` bigint NULL DEFAULT NULL,
  `all_order` bigint NULL DEFAULT NULL,
  PRIMARY KEY (`id`) USING BTREE
) ENGINE = InnoDB CHARACTER SET = utf8mb4 COLLATE = utf8mb4_0900_ai_ci ROW_FORMAT = Dynamic;

-- ----------------------------
-- Records of sys_cooperate_demand
-- ----------------------------
INSERT INTO `sys_cooperate_demand` VALUES (1676553475518578690, 1676163713628532737, 1675713231919423489, 1675677815413624834, '2023-07-05 19:27:52', 0, 1676557817009020929, '2023-07-05 19:27:52', '9.0', '30', '2023-07-19 23:59:59', 1, 1, NULL, NULL, 1676553223692566529, 1676557817025798145);
INSERT INTO `sys_cooperate_demand` VALUES (1676582431688904706, 1676163755487686657, 1675713231919423489, 1675677815413624834, '2023-07-05 21:22:56', 0, 0, '2023-07-05 21:22:56', '90.0', '300', '2023-07-28 23:59:59', 0, 0, NULL, NULL, 1676574881681670146, NULL);
INSERT INTO `sys_cooperate_demand` VALUES (1676918496408797185, 1676909787775401985, 1676887366993375234, 1676569926816137217, '2023-07-06 19:38:20', 0, 1676936999262134273, '2023-07-06 19:38:20', '180.0', '600', '2023-07-31 23:59:59', 1, 1, NULL, NULL, 1676910934447783937, 1676936999329243137);

-- ----------------------------
-- Table structure for sys_demand
-- ----------------------------
DROP TABLE IF EXISTS `sys_demand`;
CREATE TABLE `sys_demand`  (
  `id` bigint NOT NULL,
  `user_id` bigint NOT NULL,
  `create_time` datetime NOT NULL,
  `update_time` datetime NOT NULL,
  `status` tinyint NOT NULL DEFAULT 0,
  `title` varchar(255) CHARACTER SET utf8mb4 COLLATE utf8mb4_0900_ai_ci NOT NULL DEFAULT '',
  `theme` varchar(255) CHARACTER SET utf8mb4 COLLATE utf8mb4_0900_ai_ci NOT NULL DEFAULT '',
  `body` varchar(5120) CHARACTER SET utf8mb4 COLLATE utf8mb4_0900_ai_ci NOT NULL DEFAULT '',
  `technical_selection` varchar(255) CHARACTER SET utf8mb4 COLLATE utf8mb4_0900_ai_ci NOT NULL DEFAULT '',
  `budget` bigint NULL DEFAULT NULL,
  `annex_id` bigint NULL DEFAULT NULL,
  `dead_time` datetime NOT NULL,
  `demand_condition` tinyint NOT NULL DEFAULT 0,
  PRIMARY KEY (`id`) USING BTREE,
  INDEX `idx_01`(`user_id` ASC, `id` ASC) USING BTREE
) ENGINE = InnoDB CHARACTER SET = utf8mb4 COLLATE = utf8mb4_0900_ai_ci ROW_FORMAT = Dynamic;

-- ----------------------------
-- Records of sys_demand
-- ----------------------------
INSERT INTO `sys_demand` VALUES (1675511413650128898, 1671370755721060354, '2023-07-02 21:54:47', '2023-07-02 21:54:47', 0, '的发生大大苏打实打实水水水水水水水水水萨顶顶顶顶顶顶顶', '', '阿三顶顶顶顶顶顶顶顶顶顶顶顶顶顶顶顶顶撒顶顶顶顶顶顶顶顶顶顶顶顶顶顶顶撒啊啊啊啊啊啊啊啊', 'java c++ vue ps react', 30, 1675069076490838018, '2023-07-02 23:59:59', 3);
INSERT INTO `sys_demand` VALUES (1676163713628532737, 1675713231919423489, '2023-07-04 17:37:19', '2023-07-05 19:16:58', 0, '我是需求101', '', '急急急急急急急急急水水水水水水水水水水水水水嘻嘻嘻嘻嘻嘻嘻嘻嘻嘻嘻嘻顶顶顶顶顶顶顶', 'java c++', 15, 1675069076490838018, '2023-07-11 23:59:59', 1);
INSERT INTO `sys_demand` VALUES (1676163755487686657, 1675713231919423489, '2023-07-03 17:11:43', '2023-07-05 19:01:11', 0, '新需求1', '', '我是十大啊啊啊啊啊啊啊啊啊啊啊啊潇洒啊啊啊啊啊啊', 'java c++', 20, 1675069076490838018, '2023-07-19 23:59:59', 1);
INSERT INTO `sys_demand` VALUES (1676500453086150657, 1676490289872322561, '2023-07-05 15:41:32', '2023-07-05 15:41:32', 0, '急需室内设计师装修', '', '三室两厅，预算不超过12w，要求装修效果干净整洁。', '品牌设计师', 1200000, 1676496213391392769, '2023-07-13 23:59:59', 0);
INSERT INTO `sys_demand` VALUES (1676500471067131905, 1676490289872322561, '2023-07-05 15:43:39', '2023-07-05 15:43:39', 0, '农村盖房子，给孩子的婚房，有经验的来', '', '农村盖房子，给孩子的婚房，最好建个小别野，会的来，不会勿扰，谢谢谢', '建筑设计师', 20000000, 1676496213391392769, '2023-07-27 23:59:59', 0);
INSERT INTO `sys_demand` VALUES (1676500487416528898, 1676490289872322561, '2023-07-05 15:47:11', '2023-07-05 15:47:11', 0, '开发个app管理小页面，有意者私聊', '', 'app管理，会的来', '网页设计师 vue java', 2000, 1676496213391392769, '2023-07-14 23:59:59', 0);
INSERT INTO `sys_demand` VALUES (1676500504705449985, 1676490289872322561, '2023-07-05 15:45:02', '2023-07-05 15:45:02', 0, '开发一款台球小游戏，斯诺克加中八即可，\n有意者私聊', '', 'qq那个2D桌球就不错，在家没事自己玩的', '游戏设计师', 2000, 1676496213391392769, '2023-07-21 23:59:59', 0);
INSERT INTO `sys_demand` VALUES (1676500517619712002, 1676490289872322561, '2023-07-05 15:45:51', '2023-07-05 15:45:51', 0, '期末大作业，加急！！！', '', '具体需求见附件，速度来', 'java', 200, 1676496213391392769, '2023-07-06 23:59:59', 0);
INSERT INTO `sys_demand` VALUES (1676507881521467394, 1676501636131536897, '2023-07-05 16:06:19', '2023-07-05 16:06:19', 0, '来个飘逸发型，拒绝杀马特，拒绝锅盖头，会的来', '', '速度速度来啊', '造型设计师', 100, 1676496213391392769, '2023-07-06 23:59:59', 0);
INSERT INTO `sys_demand` VALUES (1676507895312338945, 1676501636131536897, '2023-07-05 16:10:20', '2023-07-05 16:10:20', 0, '来个姐妹设计一款掘掘子美丽小仙女造型，😘', '', '爱你哦', '造型设计师', 1200, 1676496213391392769, '2023-07-06 23:59:59', 0);
INSERT INTO `sys_demand` VALUES (1676507913297514497, 1676501636131536897, '2023-07-05 16:25:56', '2023-07-05 16:25:56', 0, '死神vs火影，会的来', '', '速度', '游戏设计师 c++', 1200, 1676496213391392769, '2023-07-19 23:59:59', 0);
INSERT INTO `sys_demand` VALUES (1676507927746891777, 1676501636131536897, '2023-07-05 16:21:33', '2023-07-05 16:21:33', 0, 'C++大一大作业，简易计算器，会的来', '', '速度', 'c++', 1200, 1676496213391392769, '2023-07-12 23:59:59', 0);
INSERT INTO `sys_demand` VALUES (1676507939423834113, 1676501636131536897, '2023-07-05 16:12:25', '2023-07-05 16:12:25', 0, '来个珠宝设计的，急需，有意者私聊，价格好商量！！！！！', '', '速度', '珠宝设计师', 0, 1676496213391392769, '2023-07-06 23:59:59', 0);
INSERT INTO `sys_demand` VALUES (1676507951981580290, 1676501636131536897, '2023-07-05 16:19:56', '2023-07-05 16:19:56', 0, '设计一款衣服，要求包含附件中的元素，有特色一点，不落俗套，价格可以商量', '', '如题', '品牌设计师', 1200, 1676496213391392769, '2023-07-20 23:59:59', 0);
INSERT INTO `sys_demand` VALUES (1676507965566930946, 1676501636131536897, '2023-07-05 16:14:03', '2023-07-05 16:14:03', 0, '能帮我把后面的合肥工业大学P掉吗，太没牌面了，换成安徽大学好吗？', '', '如题', 'ps', 20, 1676496213391392769, '2023-07-12 23:59:59', 0);
INSERT INTO `sys_demand` VALUES (1676507974614044673, 1676501636131536897, '2023-07-05 16:13:03', '2023-07-05 16:13:03', 0, 'java+vue前后端开发，会的来', '', '速度来', 'java vue', 2000, 1676496213391392769, '2023-07-19 23:59:59', 0);
INSERT INTO `sys_demand` VALUES (1676513227434504193, 1675677815413624834, '2023-07-05 16:56:08', '2023-07-05 16:56:08', 0, '啊水水水水水水水水水水水水水水水水v设计的顶顶顶顶顶顶顶顶顶顶顶顶顶顶顶下', '', 'uhi i即开始兴冲冲纯纯粹粹踩踩踩踩踩踩踩踩在在在在在在在在在嘴杂', 'c++ 品牌设计师 建筑设计师', 20, 1675069076490838018, '2023-07-20 23:59:59', 0);
INSERT INTO `sys_demand` VALUES (1676898087311409153, 1676564493271556098, '2023-07-05 20:29:13', '2023-07-05 20:29:13', 0, '房屋定制，非诚勿扰', '', '面议', '建筑设计师', 5000000, 1676496213391392769, '2023-07-26 23:59:59', 0);
INSERT INTO `sys_demand` VALUES (1676898105955090434, 1675713231919423489, '2023-07-03 18:13:15', '2023-07-03 18:13:15', 0, '伟大的撒旦', '', '阿三顶顶顶顶顶顶顶顶顶顶顶顶顶顶顶顶顶', 'java vue', 15, 1675069076490838018, '2023-07-03 23:59:59', 3);
INSERT INTO `sys_demand` VALUES (1676898236318253057, 1676564493271556098, '2023-07-05 20:27:40', '2023-07-05 20:27:40', 0, '珠宝定制，非诚勿扰！', '', '当面联系', '珠宝设计师', 10000, 1676496213391392769, '2023-07-13 23:59:59', 0);
INSERT INTO `sys_demand` VALUES (1676898270459887618, 1676564493271556098, '2023-07-05 20:32:42', '2023-07-05 20:32:42', 0, '造型设计，非诚勿扰！', '', '面议', '造型设计师', 987, 1676496213391392769, '2023-07-13 23:59:59', 0);
INSERT INTO `sys_demand` VALUES (1676898293499199490, 1676564493271556098, '2023-07-05 20:29:45', '2023-07-05 20:29:45', 0, 'C++定制，非诚勿扰！！', '', '面议', 'c++', 200, 1676496213391392769, '2023-07-28 23:59:59', 0);
INSERT INTO `sys_demand` VALUES (1676898308732911617, 1676564493271556098, '2023-07-05 20:30:35', '2023-07-05 20:30:35', 0, 'java定制，非诚勿扰', '', '面议', 'java', 3000, 1676496213391392769, '2023-07-30 23:59:59', 0);
INSERT INTO `sys_demand` VALUES (1676898321320017922, 1676564493271556098, '2023-07-05 20:31:06', '2023-07-05 20:31:06', 0, 'p图，非诚勿扰', '', '面议', 'ps', 100, 1676496213391392769, '2023-07-26 23:59:59', 0);
INSERT INTO `sys_demand` VALUES (1676898336109133825, 1676564493271556098, '2023-07-05 20:31:44', '2023-07-05 20:31:44', 0, '品牌定制，非诚勿扰', '', '面议', '品牌设计师', 1234, 1676496213391392769, '2023-07-25 23:59:59', 0);
INSERT INTO `sys_demand` VALUES (1676899346156257282, 1676887366993375234, '2023-07-06 18:21:57', '2023-07-06 19:30:56', 0, '我笑了', '', 'okk', '建筑设计师 vue', 200, 1676496213391392769, '2023-07-12 23:59:59', 0);
INSERT INTO `sys_demand` VALUES (1676909787775401985, 1676887366993375234, '2023-07-06 19:03:28', '2023-07-06 19:03:28', 0, '张hj', '', '你好', 'vue', 250, 1676496213391392769, '2023-07-19 23:59:59', 1);

-- ----------------------------
-- Table structure for sys_message
-- ----------------------------
DROP TABLE IF EXISTS `sys_message`;
CREATE TABLE `sys_message`  (
  `id` bigint NOT NULL,
  `sender_id` bigint NOT NULL DEFAULT 0,
  `receiver_id` bigint NOT NULL DEFAULT 0,
  `annex_id` bigint NULL DEFAULT 0,
  `title` varchar(255) CHARACTER SET utf8mb4 COLLATE utf8mb4_0900_ai_ci NOT NULL DEFAULT '',
  `message` varchar(511) CHARACTER SET utf8mb4 COLLATE utf8mb4_0900_ai_ci NULL DEFAULT NULL,
  `message_type` tinyint NOT NULL COMMENT '0：系统广播通知，1：系统个人通知，2：个人消息',
  `message_condition` tinyint NOT NULL,
  `create_time` datetime NOT NULL,
  `update_time` datetime NOT NULL,
  `status` tinyint NOT NULL DEFAULT 0,
  PRIMARY KEY (`id`) USING BTREE,
  INDEX `unread_idx`(`id` ASC, `sender_id` ASC, `receiver_id` ASC, `message_type` ASC, `message_condition` ASC) USING BTREE
) ENGINE = InnoDB CHARACTER SET = utf8mb4 COLLATE = utf8mb4_0900_ai_ci ROW_FORMAT = Dynamic;

-- ----------------------------
-- Records of sys_message
-- ----------------------------
INSERT INTO `sys_message` VALUES (1676580158166437890, 1675677815413624834, 1675713231919423489, 0, '', '我已经确认了', 1, 1, '2023-07-05 21:13:53', '2023-07-05 21:19:40', 0);
INSERT INTO `sys_message` VALUES (1676580797789421569, 1675677815413624834, 1675713231919423489, 1675067318934855681, '', NULL, 1, 1, '2023-07-05 21:16:26', '2023-07-05 21:19:40', 0);
INSERT INTO `sys_message` VALUES (1676581015205363713, 1675677815413624834, 1675713231919423489, 1675069076490838018, '', NULL, 1, 1, '2023-07-05 21:17:18', '2023-07-05 21:19:40', 0);
INSERT INTO `sys_message` VALUES (1676581109338128386, 1675677815413624834, 1675713231919423489, 1675069076490838018, '', NULL, 1, 1, '2023-07-05 21:17:40', '2023-07-05 21:19:40', 0);
INSERT INTO `sys_message` VALUES (1676582431756013569, 0, 1675713231919423489, 0, '系统通知: 合作开始', '尊敬的用户，您与手机尾号为: 1114的设计师合作成功，详情可在合作详情页查看', 0, 0, '2023-07-05 21:22:56', '2023-07-05 21:22:56', 0);
INSERT INTO `sys_message` VALUES (1676582431756013570, 0, 1675677815413624834, 0, '系统通知: 合作开始', '尊敬的设计师，您与手机尾号为: 1113的用户合作成功，详情可在合作详情页查看', 0, 0, '2023-07-05 21:22:56', '2023-07-05 21:22:56', 0);
INSERT INTO `sys_message` VALUES (1676585707327082497, 1675713231919423489, 1675677815413624834, 0, '', '哈哈哈', 1, 1, '2023-07-05 21:35:56', '2023-07-05 21:35:57', 0);
INSERT INTO `sys_message` VALUES (1676586028220698626, 1675713231919423489, 1675677815413624834, 0, '', '好啊', 1, 1, '2023-07-05 21:37:13', '2023-07-05 21:37:13', 0);
INSERT INTO `sys_message` VALUES (1676586281422442497, 1675713231919423489, 1675677815413624834, 0, '', '1', 1, 1, '2023-07-05 21:38:13', '2023-07-05 21:39:02', 0);
INSERT INTO `sys_message` VALUES (1676586542052298754, 1675713231919423489, 1675677815413624834, 0, '', '2', 1, 1, '2023-07-05 21:39:15', '2023-07-05 21:39:16', 0);
INSERT INTO `sys_message` VALUES (1676586889349058561, 1675713231919423489, 1675677815413624834, 0, '', '3', 1, 1, '2023-07-05 21:40:38', '2023-07-05 21:43:25', 0);
INSERT INTO `sys_message` VALUES (1676587586375274498, 1675713231919423489, 1675677815413624834, 0, '', '4', 1, 1, '2023-07-05 21:43:24', '2023-07-05 21:43:25', 0);
INSERT INTO `sys_message` VALUES (1676588274400612353, 1675713231919423489, 1675677815413624834, 0, '', '5', 1, 1, '2023-07-05 21:46:08', '2023-07-05 21:46:09', 0);
INSERT INTO `sys_message` VALUES (1676588320777031681, 1675713231919423489, 1675677815413624834, 0, '', '56', 1, 1, '2023-07-05 21:46:19', '2023-07-05 21:46:20', 0);
INSERT INTO `sys_message` VALUES (1676588380248068097, 1675713231919423489, 1675677815413624834, 0, '', '6', 1, 1, '2023-07-05 21:46:33', '2023-07-05 21:46:34', 0);
INSERT INTO `sys_message` VALUES (1676589005945950209, 1675713231919423489, 1675677815413624834, 0, '', '7', 1, 1, '2023-07-05 21:49:03', '2023-07-05 21:49:03', 0);
INSERT INTO `sys_message` VALUES (1676589033141817345, 1675713231919423489, 1675677815413624834, 0, '', '8', 1, 1, '2023-07-05 21:49:09', '2023-07-05 21:49:10', 0);
INSERT INTO `sys_message` VALUES (1676589115798966273, 1675677815413624834, 1675713231919423489, 0, '', '9', 1, 1, '2023-07-05 21:49:29', '2023-07-05 21:51:42', 0);
INSERT INTO `sys_message` VALUES (1676591040586043394, 1675713231919423489, 1675677815413624834, 1675066626358796290, '', NULL, 1, 1, '2023-07-05 21:57:08', '2023-07-05 22:02:50', 0);
INSERT INTO `sys_message` VALUES (1676591330693468162, 1675713231919423489, 1675677815413624834, 1675069076490838018, '', NULL, 1, 1, '2023-07-05 21:58:17', '2023-07-05 22:02:50', 0);
INSERT INTO `sys_message` VALUES (1676592499461443586, 1675713231919423489, 1675677815413624834, 0, '', 'H', 1, 1, '2023-07-05 22:02:56', '2023-07-05 22:02:56', 0);
INSERT INTO `sys_message` VALUES (1676592521112440834, 1675677815413624834, 1675713231919423489, 0, '', 'H', 1, 1, '2023-07-05 22:03:01', '2023-07-05 22:03:01', 0);
INSERT INTO `sys_message` VALUES (1676835039137648641, 0, 1671370755721060354, 0, '系统通知: 审核不通过', '不可能', 0, 0, '2023-07-06 14:06:42', '2023-07-06 14:06:42', 0);
INSERT INTO `sys_message` VALUES (1676835277252481026, 0, 1675713231919423489, 0, '系统通知: 审核不通过', '不可能', 0, 0, '2023-07-06 14:07:39', '2023-07-06 14:07:39', 0);
INSERT INTO `sys_message` VALUES (1676838616035942402, 0, 1676836617873674241, 0, '系统通知: 个人信息审核已通过', '尊敬的【nick_1688623978411】用户，您的个人信息已更新成功!', 0, 0, '2023-07-06 14:20:55', '2023-07-06 14:20:55', 0);
INSERT INTO `sys_message` VALUES (1676838954516275201, 0, 1676836617873674241, 0, '系统通知: 个人信息审核已通过', '尊敬的【nick_1688623978411】用户，您的个人信息已更新成功!', 0, 0, '2023-07-06 14:22:16', '2023-07-06 14:22:16', 0);
INSERT INTO `sys_message` VALUES (1676846204454612994, 1675713231919423489, 1676575328182108162, 0, '', '2', 1, 1, '2023-07-06 14:51:05', '2023-07-06 14:51:04', 0);
INSERT INTO `sys_message` VALUES (1676850119027912706, 1675713231919423489, 1676490289872322561, 0, '', '6', 1, 1, '2023-07-06 15:06:38', '2023-07-06 15:06:38', 0);
INSERT INTO `sys_message` VALUES (1676851112830496769, 1675713231919423489, 1671370755721060354, 0, '', '火nm\n', 1, 1, '2023-07-06 15:10:35', '2023-07-06 15:10:34', 0);
INSERT INTO `sys_message` VALUES (1676859188933480449, 1675713231919423489, 1675677815413624834, 0, '', '7', 1, 1, '2023-07-06 15:42:41', '2023-07-06 15:42:40', 0);
INSERT INTO `sys_message` VALUES (1676867881603354626, 1675713231919423489, 1676490289872322561, 0, '', '你好', 1, 1, '2023-07-06 16:17:14', '2023-07-06 16:17:12', 0);
INSERT INTO `sys_message` VALUES (1676868042761097218, 1675713231919423489, 1676490289872322561, 0, '', '你好', 1, 1, '2023-07-06 16:17:53', '2023-07-06 16:17:51', 0);
INSERT INTO `sys_message` VALUES (1676868669885042689, 1675713231919423489, 1676490289872322561, 0, '', '你好', 1, 1, '2023-07-06 16:20:22', '2023-07-06 16:20:20', 0);
INSERT INTO `sys_message` VALUES (1676868699169673217, 1675713231919423489, 1676490289872322561, 0, '', '你好', 1, 1, '2023-07-06 16:20:29', '2023-07-06 16:20:27', 0);
INSERT INTO `sys_message` VALUES (1676869762027278337, 0, 1675713231919423489, 0, '系统通知: 个人信息审核已通过', '尊敬的【撒旦的】用户，您的个人信息已更新成功!', 0, 0, '2023-07-06 16:24:41', '2023-07-06 16:24:41', 0);
INSERT INTO `sys_message` VALUES (1676884007523635201, 0, 1676883627058319361, 0, '系统通知: 个人信息审核已通过', '尊敬的【nick_1688635186262】用户，您的个人信息已更新成功!', 0, 0, '2023-07-06 17:21:17', '2023-07-06 17:21:17', 0);
INSERT INTO `sys_message` VALUES (1676884528556855298, 1676490289872322561, 1675713231919423489, 0, '', '你好', 1, 1, '2023-07-06 17:23:24', '2023-07-06 17:23:30', 0);
INSERT INTO `sys_message` VALUES (1676887719801450497, 0, 1676887366993375234, 0, '系统通知: 个人信息审核已通过', '尊敬的【qqxqqx】用户，您的个人信息已更新成功!', 0, 0, '2023-07-06 17:36:02', '2023-07-06 17:36:02', 0);
INSERT INTO `sys_message` VALUES (1676898090457137154, 0, 1676564493271556098, 0, '系统通知需求信息更新成功', '尊敬的【hh】用户，您的标题为: 房屋定制，非诚勿扰的需求，信息更新成功!', 0, 0, '2023-07-06 18:17:15', '2023-07-06 18:17:15', 0);
INSERT INTO `sys_message` VALUES (1676898106156417025, 0, 1675713231919423489, 0, '系统通知需求信息更新成功', '尊敬的【撒旦的】用户，您的标题为: 伟大的撒旦的需求，信息更新成功!', 0, 0, '2023-07-06 18:17:18', '2023-07-06 18:17:18', 0);
INSERT INTO `sys_message` VALUES (1676898163022790657, 0, 1675677815413624834, 0, '系统通知需求信息更新成功', '尊敬的【啊实打实的】用户，您的标题为: 啊水水水水水水水水水水水水水水水水v设计的顶顶顶顶顶顶顶顶顶顶顶顶顶顶顶下的需求，信息更新成功!', 0, 0, '2023-07-06 18:17:32', '2023-07-06 18:17:32', 0);
INSERT INTO `sys_message` VALUES (1676898213392187393, 0, 1676887366993375234, 0, '系统通知: 审核不通过', '不可能', 0, 0, '2023-07-06 18:17:44', '2023-07-06 18:17:44', 0);
INSERT INTO `sys_message` VALUES (1676898236318253058, 0, 1676564493271556098, 0, '系统通知需求信息更新成功', '尊敬的【hh】用户，您的标题为: 珠宝定制，非诚勿扰！的需求，信息更新成功!', 0, 0, '2023-07-06 18:17:49', '2023-07-06 18:17:49', 0);
INSERT INTO `sys_message` VALUES (1676898270652825602, 0, 1676564493271556098, 0, '系统通知需求信息更新成功', '尊敬的【hh】用户，您的标题为: 造型设计，非诚勿扰！的需求，信息更新成功!', 0, 0, '2023-07-06 18:17:58', '2023-07-06 18:17:58', 0);
INSERT INTO `sys_message` VALUES (1676898293566308354, 0, 1676564493271556098, 0, '系统通知需求信息更新成功', '尊敬的【hh】用户，您的标题为: C++定制，非诚勿扰！！的需求，信息更新成功!', 0, 0, '2023-07-06 18:18:03', '2023-07-06 18:18:03', 0);
INSERT INTO `sys_message` VALUES (1676898308934238210, 0, 1676564493271556098, 0, '系统通知需求信息更新成功', '尊敬的【hh】用户，您的标题为: java定制，非诚勿扰的需求，信息更新成功!', 0, 0, '2023-07-06 18:18:07', '2023-07-06 18:18:07', 0);
INSERT INTO `sys_message` VALUES (1676898321517150210, 0, 1676564493271556098, 0, '系统通知需求信息更新成功', '尊敬的【hh】用户，您的标题为: p图，非诚勿扰的需求，信息更新成功!', 0, 0, '2023-07-06 18:18:10', '2023-07-06 18:18:10', 0);
INSERT INTO `sys_message` VALUES (1676898336306266113, 0, 1676564493271556098, 0, '系统通知需求信息更新成功', '尊敬的【hh】用户，您的标题为: 品牌定制，非诚勿扰的需求，信息更新成功!', 0, 0, '2023-07-06 18:18:13', '2023-07-06 18:18:13', 0);
INSERT INTO `sys_message` VALUES (1676899346345000961, 0, 1676887366993375234, 0, '系统通知需求信息更新成功', '尊敬的【qqxqqx】用户，您的标题为: 我笑了的需求，信息更新成功!', 0, 0, '2023-07-06 18:22:14', '2023-07-06 18:22:14', 0);
INSERT INTO `sys_message` VALUES (1676900428815171585, 1671370755721060354, 1676490289872322561, 0, '', '你好', 1, 1, '2023-07-06 18:26:35', '2023-07-06 18:26:32', 0);
INSERT INTO `sys_message` VALUES (1676900532821327873, 0, 1675713231919423489, 0, '系统通知: 个人信息审核已通过', '尊敬的【撒旦的】用户，您的个人信息已更新成功!', 0, 0, '2023-07-06 18:26:57', '2023-07-06 18:26:57', 0);
INSERT INTO `sys_message` VALUES (1676900765965910017, 0, 1671370755721060354, 0, '系统通知: 个人信息审核已通过', '尊敬的【nick_1687320815327】用户，您的个人信息已更新成功!', 0, 0, '2023-07-06 18:27:53', '2023-07-06 18:27:53', 0);
INSERT INTO `sys_message` VALUES (1676901259102814209, 1671370755721060354, 1676887366993375234, 0, '', 'hello', 1, 1, '2023-07-06 18:29:53', '2023-07-06 18:29:50', 0);
INSERT INTO `sys_message` VALUES (1676902148333010946, 1676887366993375234, 1676569926816137217, 0, '', '你作品不错', 1, 1, '2023-07-06 18:33:25', '2023-07-06 18:33:22', 0);
INSERT INTO `sys_message` VALUES (1676902636600328193, 0, 1676569926816137217, 0, '系统通知: 个人信息审核已通过', '尊敬的【Zhang】用户，您的个人信息已更新成功!', 0, 0, '2023-07-06 18:35:19', '2023-07-06 18:35:19', 0);
INSERT INTO `sys_message` VALUES (1676902838979690498, 1671370755721060354, 1676887366993375234, 0, '', '我真的在线', 1, 1, '2023-07-06 18:36:10', '2023-07-06 18:36:07', 0);
INSERT INTO `sys_message` VALUES (1676902957460389890, 1676887366993375234, 1676569926816137217, 0, '', '你很nb，合作吗', 1, 1, '2023-07-06 18:36:38', '2023-07-06 18:36:35', 0);
INSERT INTO `sys_message` VALUES (1676903138859843585, 0, 1671370755721060354, 0, '系统通知: 个人信息审核已通过', '尊敬的【随便写写】用户，您的个人信息已更新成功!', 0, 0, '2023-07-06 18:37:18', '2023-07-06 18:37:18', 0);
INSERT INTO `sys_message` VALUES (1676903509128806401, 0, 1671370755721060354, 0, '系统通知: 个人信息审核已通过', '尊敬的【随便写写】用户，您的个人信息已更新成功!', 0, 0, '2023-07-06 18:38:47', '2023-07-06 18:38:47', 0);
INSERT INTO `sys_message` VALUES (1676903871000772609, 1676887366993375234, 1676569926816137217, 0, '', '作品很好', 1, 1, '2023-07-06 18:40:16', '2023-07-06 18:40:13', 0);
INSERT INTO `sys_message` VALUES (1676904034897395713, 1671370755721060354, 1676887366993375234, 0, '', '操你娘，你写的什么逼在线', 1, 1, '2023-07-06 18:40:55', '2023-07-06 18:40:52', 0);
INSERT INTO `sys_message` VALUES (1676904059148861441, 1676887366993375234, 1676569926816137217, 0, '', '你在吗', 1, 1, '2023-07-06 18:41:00', '2023-07-06 18:40:58', 0);
INSERT INTO `sys_message` VALUES (1676904073401106433, 1671370755721060354, 1676887366993375234, 0, '', '你又离线了', 1, 1, '2023-07-06 18:41:04', '2023-07-06 18:41:01', 0);
INSERT INTO `sys_message` VALUES (1676904130481389569, 1676569926816137217, 1676887366993375234, 0, '', '我在啊', 1, 1, '2023-07-06 18:41:17', '2023-07-06 18:41:15', 0);
INSERT INTO `sys_message` VALUES (1676904332604899330, 1676569926816137217, 1676887366993375234, 0, '', '你说话啊', 1, 1, '2023-07-06 18:42:05', '2023-07-06 18:42:17', 0);
INSERT INTO `sys_message` VALUES (1676904899737714689, 1676887366993375234, 1676569926816137217, 0, '', '你好，我', 1, 1, '2023-07-06 18:44:21', '2023-07-06 18:44:18', 0);
INSERT INTO `sys_message` VALUES (1676905288675524609, 1676887366993375234, 1676569926816137217, 0, '', 'hello', 1, 1, '2023-07-06 18:45:54', '2023-07-06 18:45:51', 0);
INSERT INTO `sys_message` VALUES (1676905502035574786, 1676887366993375234, 1676569926816137217, 0, '', '你在线了吗', 1, 1, '2023-07-06 18:46:44', '2023-07-06 18:46:42', 0);
INSERT INTO `sys_message` VALUES (1676905516799524865, 1676569926816137217, 1676887366993375234, 0, '', '？', 1, 1, '2023-07-06 18:46:48', '2023-07-06 18:46:46', 0);
INSERT INTO `sys_message` VALUES (1676905558461546497, 1676569926816137217, 1676887366993375234, 0, '', '我肯定在线啊', 1, 1, '2023-07-06 18:46:58', '2023-07-06 18:46:55', 0);
INSERT INTO `sys_message` VALUES (1676905612228329474, 1676887366993375234, 1676569926816137217, 1676869659258441730, '', NULL, 1, 1, '2023-07-06 18:47:11', '2023-07-06 18:47:08', 0);
INSERT INTO `sys_message` VALUES (1676905645417857026, 1676569926816137217, 1676887366993375234, 0, '', '坏女人', 1, 1, '2023-07-06 18:47:18', '2023-07-06 18:49:02', 0);
INSERT INTO `sys_message` VALUES (1676906911598542849, 1676887366993375234, 1671370755721060354, 1676496213391392769, '', NULL, 1, 1, '2023-07-06 18:52:21', '2023-07-06 18:52:21', 0);
INSERT INTO `sys_message` VALUES (1676906997577580546, 1676887366993375234, 1671370755721060354, 1676496213391392769, '', NULL, 1, 1, '2023-07-06 18:52:41', '2023-07-06 18:52:47', 0);
INSERT INTO `sys_message` VALUES (1676907143589691393, 1676887366993375234, 1671370755721060354, 1676496213391392769, '', NULL, 1, 1, '2023-07-06 18:53:16', '2023-07-06 18:53:25', 0);
INSERT INTO `sys_message` VALUES (1676907468090408962, 1676887366993375234, 1676569926816137217, 1676496213391392769, '', NULL, 1, 1, '2023-07-06 18:54:33', '2023-07-06 18:59:08', 0);
INSERT INTO `sys_message` VALUES (1676909085913153538, 0, 1676887366993375234, 0, '系统通知: 表单提交成功，等待支付', '订单编号: 1676909085648912385\n支付链接: http://192.168.3.254/QRCode?id=1676909085648912385&money=90.0', 0, 0, '2023-07-06 19:00:56', '2023-07-06 19:00:56', 0);
INSERT INTO `sys_message` VALUES (1676909088765280258, 0, 1676569926816137217, 0, '系统通知: 新的合作请求', '尊敬的设计师，你好！您有一个新的合作请求。\n以下是相关信息的URL，请仔细查看：\n用户：1676887366993375234\n需求：1676899346156257282\n金额：300\n截止日期：2023-07-31 23:59:59', 0, 0, '2023-07-06 19:00:57', '2023-07-06 19:00:57', 0);
INSERT INTO `sys_message` VALUES (1676909088899497986, 1676887366993375234, 1676569926816137217, 0, '', '{\"demandId\":\"1676899346156257282\",\"userId\":\"1676887366993375234\",\"designerId\":\"1676569926816137217\",\"money\":\"300\",\"deadTime\":\"2023-07-31T23:59:59\",\"tempTime\":\"2023-07-31 23:59:59\"}', 2, 1, '2023-07-06 19:00:57', '2023-07-06 19:06:08', 0);
INSERT INTO `sys_message` VALUES (1676909787976728577, 0, 1676887366993375234, 0, '系统通知需求信息更新成功', '尊敬的【qqxqqx】用户，您的标题为: 张hj的需求，信息更新成功!', 0, 0, '2023-07-06 19:03:44', '2023-07-06 19:03:44', 0);
INSERT INTO `sys_message` VALUES (1676910934514892802, 0, 1676887366993375234, 0, '系统通知: 表单提交成功，等待支付', '订单编号: 1676910934447783937\n支付链接: http://192.168.3.254/QRCode?id=1676910934447783937&money=180.0', 0, 0, '2023-07-06 19:08:17', '2023-07-06 19:08:17', 0);
INSERT INTO `sys_message` VALUES (1676910934582001666, 0, 1676569926816137217, 0, '系统通知: 新的合作请求', '尊敬的设计师，你好！您有一个新的合作请求。\n以下是相关信息的URL，请仔细查看：\n用户：1676887366993375234\n需求：1676909787775401985\n金额：600\n截止日期：2023-07-31 23:59:59', 0, 0, '2023-07-06 19:08:17', '2023-07-06 19:08:17', 0);
INSERT INTO `sys_message` VALUES (1676910934582001667, 1676887366993375234, 1676569926816137217, 0, '', '{\"demandId\":\"1676909787775401985\",\"userId\":\"1676887366993375234\",\"designerId\":\"1676569926816137217\",\"money\":\"600\",\"deadTime\":\"2023-07-31T23:59:59\",\"tempTime\":\"2023-07-31 23:59:59\"}', 2, 1, '2023-07-06 19:08:17', '2023-07-06 19:09:03', 0);
INSERT INTO `sys_message` VALUES (1676916635895234562, 0, 1676887366993375234, 0, '系统通知放弃合作', '尊敬的用户，您在30分钟内未支付订金，视为放弃与设计师合作。', 0, 0, '2023-07-06 19:30:56', '2023-07-06 19:30:56', 0);
INSERT INTO `sys_message` VALUES (1676916635895234563, 0, 1676569926816137217, 0, '系统通知: 放弃合作', '尊敬的设计师，您在30分钟内未同意此次需求合作，视为放弃此次合作。', 0, 0, '2023-07-06 19:30:56', '2023-07-06 19:30:56', 0);
INSERT INTO `sys_message` VALUES (1676918497331544065, 0, 1676887366993375234, 0, '系统通知: 合作开始', '尊敬的用户，您与手机尾号为: 8618的设计师合作成功，详情可在合作详情页查看', 0, 0, '2023-07-06 19:38:20', '2023-07-06 19:38:20', 0);
INSERT INTO `sys_message` VALUES (1676918497331544066, 0, 1676569926816137217, 0, '系统通知: 合作开始', '尊敬的设计师，您与手机尾号为: 4321的用户合作成功，详情可在合作详情页查看', 0, 0, '2023-07-06 19:38:20', '2023-07-06 19:38:20', 0);
INSERT INTO `sys_message` VALUES (1676936999517986818, 0, 1676887366993375234, 0, '系统通知: 请支付尾款', '尊敬的【qqxqqx】用户, 设计师: Zhang, 已为需求标题为: 张hj上传作品, 合作已结束。请支付尾款。\n订单编号: 1676936999329243137\n支付链接: http://192.168.3.254/QRCode?id=1676936999329243137&money=420.0', 0, 0, '2023-07-06 20:51:51', '2023-07-06 20:51:51', 0);
INSERT INTO `sys_message` VALUES (1676971059611082753, 1676490289872322561, 1671370755721060354, 0, '', '你好~', 1, 1, '2023-07-06 23:07:13', '2023-07-06 23:07:23', 0);
INSERT INTO `sys_message` VALUES (1676971420585467906, 1671370755721060354, 1676490289872322561, 0, '', '我的需求你开发的怎么样了？', 1, 1, '2023-07-06 23:08:40', '2023-07-06 23:09:47', 0);
INSERT INTO `sys_message` VALUES (1676971710151827458, 1671370755721060354, 1676490289872322561, 0, '', '您可以在设计作品里加上我们公司logo吗，通过附件发送给你了。', 1, 1, '2023-07-06 23:09:49', '2023-07-06 23:09:47', 0);
INSERT INTO `sys_message` VALUES (1676972240299270146, 1671370755721060354, 1676490289872322561, 1676900637171417090, '', NULL, 1, 1, '2023-07-06 23:11:55', '2023-07-06 23:11:53', 0);
INSERT INTO `sys_message` VALUES (1676972401817722881, 1676490289872322561, 1671370755721060354, 0, '', '收到~', 1, 1, '2023-07-06 23:12:33', '2023-07-06 23:12:32', 0);
INSERT INTO `sys_message` VALUES (1676972434113863681, 1676490289872322561, 1671370755721060354, 0, '', '么么哒', 1, 1, '2023-07-06 23:12:41', '2023-07-06 23:13:19', 0);

-- ----------------------------
-- Table structure for sys_order
-- ----------------------------
DROP TABLE IF EXISTS `sys_order`;
CREATE TABLE `sys_order`  (
  `id` bigint NOT NULL,
  `create_time` datetime NOT NULL,
  `update_time` datetime NOT NULL,
  `status` tinyint NOT NULL DEFAULT 0,
  `relate_id` bigint NOT NULL,
  `money` varchar(255) CHARACTER SET utf8mb4 COLLATE utf8mb4_0900_ai_ci NOT NULL,
  `is_pay` tinyint NOT NULL DEFAULT 0,
  `user_id` bigint NOT NULL,
  PRIMARY KEY (`id`) USING BTREE
) ENGINE = InnoDB CHARACTER SET = utf8mb4 COLLATE = utf8mb4_0900_ai_ci ROW_FORMAT = Dynamic;

-- ----------------------------
-- Records of sys_order
-- ----------------------------
INSERT INTO `sys_order` VALUES (1676519771005960194, '2023-07-05 17:13:56', '2023-07-05 17:22:55', 0, 1676513227434504193, '9.0', 1, 1675677815413624834);
INSERT INTO `sys_order` VALUES (1676529607319904257, '2023-07-05 17:53:01', '2023-07-05 17:54:26', 1, 1676163755487686657, '9.0', 1, 1675713231919423489);
INSERT INTO `sys_order` VALUES (1676550481347559426, '2023-07-05 19:15:58', '2023-07-05 19:15:58', 1, 1676163713628532737, '9.0', 0, 1675713231919423489);
INSERT INTO `sys_order` VALUES (1676553223692566529, '2023-07-05 19:26:52', '2023-07-05 19:26:59', 1, 1676163713628532737, '9.0', 1, 1675713231919423489);
INSERT INTO `sys_order` VALUES (1676557817025798145, '2023-07-05 19:45:07', '2023-07-05 20:35:31', 0, 1676163713628532737, '21.0', 1, 1675713231919423489);
INSERT INTO `sys_order` VALUES (1676561600405561346, '2023-07-05 20:00:09', '2023-07-05 20:00:09', 0, 1676163713628532737, '21.0', 0, 1675713231919423489);
INSERT INTO `sys_order` VALUES (1676566442402275329, '2023-07-05 20:19:24', '2023-07-05 20:19:24', 0, 1676163713628532737, '21.0', 0, 1675713231919423489);
INSERT INTO `sys_order` VALUES (1676567750903545857, '2023-07-05 20:24:36', '2023-07-05 20:24:36', 0, 1676163713628532737, '21.0', 0, 1675713231919423489);
INSERT INTO `sys_order` VALUES (1676568642843213825, '2023-07-05 20:28:08', '2023-07-05 20:28:08', 0, 1676163713628532737, '21.0', 0, 1675713231919423489);
INSERT INTO `sys_order` VALUES (1676574881681670146, '2023-07-05 20:52:56', '2023-07-05 20:53:02', 1, 1676163755487686657, '90.0', 1, 1675713231919423489);
INSERT INTO `sys_order` VALUES (1676909085648912385, '2023-07-06 19:00:56', '2023-07-06 19:00:56', 1, 1676899346156257282, '90.0', 0, 1676887366993375234);
INSERT INTO `sys_order` VALUES (1676910934447783937, '2023-07-06 19:08:17', '2023-07-06 19:08:53', 1, 1676909787775401985, '180.0', 1, 1676887366993375234);
INSERT INTO `sys_order` VALUES (1676936999329243137, '2023-07-06 20:51:51', '2023-07-06 20:52:35', 0, 1676909787775401985, '420.0', 1, 1676887366993375234);

-- ----------------------------
-- Table structure for sys_resource
-- ----------------------------
DROP TABLE IF EXISTS `sys_resource`;
CREATE TABLE `sys_resource`  (
  `id` bigint NOT NULL,
  `create_time` datetime NOT NULL,
  `update_time` datetime NOT NULL,
  `status` tinyint NOT NULL DEFAULT 0,
  `md5` char(32) CHARACTER SET utf8mb4 COLLATE utf8mb4_0900_ai_ci NOT NULL,
  `path` varchar(128) CHARACTER SET utf8mb4 COLLATE utf8mb4_0900_ai_ci NOT NULL,
  `content_type` varchar(32) CHARACTER SET utf8mb4 COLLATE utf8mb4_0900_ai_ci NOT NULL,
  PRIMARY KEY (`id`) USING BTREE,
  UNIQUE INDEX `idx_md5`(`md5` ASC) USING BTREE
) ENGINE = InnoDB CHARACTER SET = utf8mb4 COLLATE = utf8mb4_0900_ai_ci ROW_FORMAT = Dynamic;

-- ----------------------------
-- Records of sys_resource
-- ----------------------------
INSERT INTO `sys_resource` VALUES (1671422906509971457, '2023-06-21 15:40:49', '2023-06-21 15:40:49', 0, 'd53b3017a930285f5a1fca7d550e59e0', '/2023/d53b3017a930285f5a1fca7d550e59e0.png', 'image/png');
INSERT INTO `sys_resource` VALUES (1674726291338407937, '2023-06-30 18:27:17', '2023-06-30 18:27:17', 0, '339d261ae3c960298712862b1ed9e0f0', '/2023/339d261ae3c960298712862b1ed9e0f0.png', 'image/png');
INSERT INTO `sys_resource` VALUES (1674726566648328193, '2023-06-30 18:28:23', '2023-06-30 18:28:23', 0, 'c95bd7559720e2eb6427f1aef7982576', '/2023/c95bd7559720e2eb6427f1aef7982576.png', 'image/png');
INSERT INTO `sys_resource` VALUES (1674727017020108802, '2023-06-30 18:30:10', '2023-06-30 18:30:10', 0, '8b99ebdfc07abb5bee48f5c69b7db466', '/2023/8b99ebdfc07abb5bee48f5c69b7db466.jpg', 'image/jpeg');
INSERT INTO `sys_resource` VALUES (1674727286290231297, '2023-06-30 18:31:15', '2023-06-30 18:31:15', 0, '65670fff9160f48db690daaafd9d7acd', '/2023/65670fff9160f48db690daaafd9d7acd.jpeg', 'image/jpeg');
INSERT INTO `sys_resource` VALUES (1674730865008816129, '2023-06-30 18:45:28', '2023-06-30 18:45:28', 0, 'f31502364d3f932b98966fabbb42fe4e', '/2023/f31502364d3f932b98966fabbb42fe4e.jpg', 'image/jpeg');
INSERT INTO `sys_resource` VALUES (1675066626358796290, '2023-07-01 16:59:40', '2023-07-01 16:59:40', 0, 'c91b3e76b0d3ba7b0a931d2b78e33a64', '/2023/c91b3e76b0d3ba7b0a931d2b78e33a64.jpeg', 'image/jpeg');
INSERT INTO `sys_resource` VALUES (1675067318934855681, '2023-07-01 17:02:25', '2023-07-01 17:02:25', 0, '76147afb6877043f7fc4742696a74017', '/2023/76147afb6877043f7fc4742696a74017.jpeg', 'image/jpeg');
INSERT INTO `sys_resource` VALUES (1675067400971247618, '2023-07-01 17:02:44', '2023-07-01 17:02:44', 0, 'c33ded89f35e72b27fc433fc70b76077', '/2023/c33ded89f35e72b27fc433fc70b76077.jpeg', 'image/jpeg');
INSERT INTO `sys_resource` VALUES (1675069076490838018, '2023-07-01 17:09:24', '2023-07-01 17:09:24', 0, '76cdb2bad9582d23c1f6f4d868218d6c', '/2023/76cdb2bad9582d23c1f6f4d868218d6c.zip', 'application/x-zip-compressed');
INSERT INTO `sys_resource` VALUES (1676492404434878465, '2023-07-05 15:25:12', '2023-07-05 15:25:12', 0, 'b41ab6504c0adada731ea3f68f16e074', '/2023/b41ab6504c0adada731ea3f68f16e074.png', 'image/png');
INSERT INTO `sys_resource` VALUES (1676493065012592641, '2023-07-05 15:27:49', '2023-07-05 15:27:49', 0, '33041429f4d55a55d34fd453421a19b7', '/2023/33041429f4d55a55d34fd453421a19b7.png', 'image/png');
INSERT INTO `sys_resource` VALUES (1676496213391392769, '2023-07-05 15:40:20', '2023-07-05 15:40:20', 0, '87025b59382ea0c7543067f1808a51a0', '/2023/87025b59382ea0c7543067f1808a51a0.zip', 'application/x-zip-compressed');
INSERT INTO `sys_resource` VALUES (1676498161058398210, '2023-07-05 15:48:04', '2023-07-05 15:48:04', 0, '0f18c4b358009ec5d38c72076643ef86', '/2023/0f18c4b358009ec5d38c72076643ef86.jpg', 'image/jpeg');
INSERT INTO `sys_resource` VALUES (1676499727047933953, '2023-07-05 15:54:17', '2023-07-05 15:54:17', 0, 'bbc550d75e61bcf8f457124abc8c4a12', '/2023/bbc550d75e61bcf8f457124abc8c4a12.png', 'image/png');
INSERT INTO `sys_resource` VALUES (1676500197309104130, '2023-07-05 15:56:10', '2023-07-05 15:56:10', 0, '711bc141f1516e0718a547b6ee756a2c', '/2023/711bc141f1516e0718a547b6ee756a2c.jpg', 'image/jpeg');
INSERT INTO `sys_resource` VALUES (1676501210489372674, '2023-07-05 16:00:11', '2023-07-05 16:00:11', 0, '6eb46ab6b9ad1cc8b24aff308903b5ff', '/2023/6eb46ab6b9ad1cc8b24aff308903b5ff.jpg', 'image/jpeg');
INSERT INTO `sys_resource` VALUES (1676509543661228034, '2023-07-05 16:33:18', '2023-07-05 16:33:18', 0, '2a5cb21e95d37dc74ae142ed6201e92c', '/2023/2a5cb21e95d37dc74ae142ed6201e92c.jpg', 'image/jpeg');
INSERT INTO `sys_resource` VALUES (1676510225243987970, '2023-07-05 16:36:00', '2023-07-05 16:36:00', 0, 'e695d7a14bc4415467a41159888f832a', '/2023/e695d7a14bc4415467a41159888f832a.jpg', 'image/jpeg');
INSERT INTO `sys_resource` VALUES (1676510499614384130, '2023-07-05 16:37:06', '2023-07-05 16:37:06', 0, '6e72320979fd2cf459e4680c4fa7a334', '/2023/6e72320979fd2cf459e4680c4fa7a334.jpg', 'image/jpeg');
INSERT INTO `sys_resource` VALUES (1676563410507784194, '2023-07-05 20:07:21', '2023-07-05 20:07:21', 0, 'ca5ec427cbab3b2f35c91173afa8bdf8', '/2023/ca5ec427cbab3b2f35c91173afa8bdf8.jpg', 'image/jpeg');
INSERT INTO `sys_resource` VALUES (1676563658475036673, '2023-07-05 20:08:20', '2023-07-05 20:08:20', 0, 'a6b4397739f6ffb6215a7fd5c7f54588', '/2023/a6b4397739f6ffb6215a7fd5c7f54588.jpg', 'image/jpeg');
INSERT INTO `sys_resource` VALUES (1676563971231703042, '2023-07-05 20:09:34', '2023-07-05 20:09:34', 0, '72405de57146a7bdc2391061072859f7', '/2023/72405de57146a7bdc2391061072859f7.jpg', 'image/jpeg');
INSERT INTO `sys_resource` VALUES (1676564266464567298, '2023-07-05 20:10:45', '2023-07-05 20:10:45', 0, 'f9ef2c60d717f19decf64af5f0fff652', '/2023/f9ef2c60d717f19decf64af5f0fff652.jpg', 'image/jpeg');
INSERT INTO `sys_resource` VALUES (1676565012228595714, '2023-07-05 20:13:43', '2023-07-05 20:13:43', 0, '8f7e5d8e24ad9929cfc1624c9a8407fa', '/2023/8f7e5d8e24ad9929cfc1624c9a8407fa.png', 'image/png');
INSERT INTO `sys_resource` VALUES (1676565900309553153, '2023-07-05 20:17:14', '2023-07-05 20:17:14', 0, '7dc93d462b839670df06c6638434946b', '/2023/7dc93d462b839670df06c6638434946b.jpg', 'image/jpeg');
INSERT INTO `sys_resource` VALUES (1676566223300321282, '2023-07-05 20:18:31', '2023-07-05 20:18:31', 0, '4d2e17d2878e555759e4182c0eb3760b', '/2023/4d2e17d2878e555759e4182c0eb3760b.png', 'image/png');
INSERT INTO `sys_resource` VALUES (1676567120679952386, '2023-07-05 20:22:05', '2023-07-05 20:22:05', 0, '723adea0d010c5cc8ab3f4dc39c32df7', '/2023/723adea0d010c5cc8ab3f4dc39c32df7.jpg', 'image/jpeg');
INSERT INTO `sys_resource` VALUES (1676567472066158594, '2023-07-05 20:23:29', '2023-07-05 20:23:29', 0, '15f6dda9ee8a85dae1ae74255e64a216', '/2023/15f6dda9ee8a85dae1ae74255e64a216.jpg', 'image/jpeg');
INSERT INTO `sys_resource` VALUES (1676570809897484290, '2023-07-05 20:36:45', '2023-07-05 20:36:45', 0, 'c9283a3967f7e80032f79cdb514a0f04', '/2023/c9283a3967f7e80032f79cdb514a0f04.jpg', 'image/jpeg');
INSERT INTO `sys_resource` VALUES (1676570991053668353, '2023-07-05 20:37:28', '2023-07-05 20:37:28', 0, '92451549644ade83cf7d3a7bc3c3df4a', '/2023/92451549644ade83cf7d3a7bc3c3df4a.jpg', 'image/jpeg');
INSERT INTO `sys_resource` VALUES (1676571139267788801, '2023-07-05 20:38:03', '2023-07-05 20:38:03', 0, '2db3b9a6c0aa66694e7b7dc66dd8b236', '/2023/2db3b9a6c0aa66694e7b7dc66dd8b236.jpg', 'image/jpeg');
INSERT INTO `sys_resource` VALUES (1676571439185690625, '2023-07-05 20:39:15', '2023-07-05 20:39:15', 0, '2d0780d772ac7b389799ffa01a38fc0a', '/2023/2d0780d772ac7b389799ffa01a38fc0a.jpg', 'image/jpeg');
INSERT INTO `sys_resource` VALUES (1676571658757505026, '2023-07-05 20:40:07', '2023-07-05 20:40:07', 0, '670e8051b61dce29352a6356cc8b4d09', '/2023/670e8051b61dce29352a6356cc8b4d09.jpg', 'image/jpeg');
INSERT INTO `sys_resource` VALUES (1676571826697437186, '2023-07-05 20:40:47', '2023-07-05 20:40:47', 0, '24f138afe7bc8429f8390ab93883223d', '/2023/24f138afe7bc8429f8390ab93883223d.jpg', 'image/jpeg');
INSERT INTO `sys_resource` VALUES (1676572409412091906, '2023-07-05 20:43:06', '2023-07-05 20:43:06', 0, 'fabfa43f862f6d3858e8bbf7d1d59387', '/2023/fabfa43f862f6d3858e8bbf7d1d59387.jpg', 'image/jpeg');
INSERT INTO `sys_resource` VALUES (1676573038985510914, '2023-07-05 20:45:36', '2023-07-05 20:45:36', 0, 'c8a3810acc5c5e9f71c72500dd440b40', '/2023/c8a3810acc5c5e9f71c72500dd440b40.webp', 'image/webp');
INSERT INTO `sys_resource` VALUES (1676574240762658817, '2023-07-05 20:50:23', '2023-07-05 20:50:23', 0, '3cfb352b243cdb30705d976f28cceb4e', '/2023/3cfb352b243cdb30705d976f28cceb4e.jpg', 'image/jpeg');
INSERT INTO `sys_resource` VALUES (1676574704212279297, '2023-07-05 20:52:13', '2023-07-05 20:52:13', 0, '3b65d72656bcac238e1735cd39ef3131', '/2023/3b65d72656bcac238e1735cd39ef3131.jpg', 'image/jpeg');
INSERT INTO `sys_resource` VALUES (1676575064914034690, '2023-07-05 20:53:39', '2023-07-05 20:53:39', 0, 'adda87fae64dddafe5e5dde82151b533', '/2023/adda87fae64dddafe5e5dde82151b533.jpg', 'image/jpeg');
INSERT INTO `sys_resource` VALUES (1676575574794600449, '2023-07-05 20:55:41', '2023-07-05 20:55:41', 0, '3cffa9f52967b9f8d74517cbfb38a198', '/2023/3cffa9f52967b9f8d74517cbfb38a198.jpg', 'image/jpeg');
INSERT INTO `sys_resource` VALUES (1676575715249258498, '2023-07-05 20:56:14', '2023-07-05 20:56:14', 0, '69c623926b6fe1cd3648acd880409e53', '/2023/69c623926b6fe1cd3648acd880409e53.jpg', 'image/jpeg');
INSERT INTO `sys_resource` VALUES (1676576072968863745, '2023-07-05 20:57:40', '2023-07-05 20:57:40', 0, 'd489905e3702917dbd106b2ccef3ed35', '/2023/d489905e3702917dbd106b2ccef3ed35.webp', 'image/webp');
INSERT INTO `sys_resource` VALUES (1676581712642592769, '2023-07-05 21:20:04', '2023-07-05 21:20:04', 0, '40558ba36979e58efdfc745edd922e16', '/2023/40558ba36979e58efdfc745edd922e16.webp', 'image/webp');
INSERT INTO `sys_resource` VALUES (1676581946953191426, '2023-07-05 21:21:00', '2023-07-05 21:21:00', 0, '892e68ff2e4fd3c7853f61296d124d13', '/2023/892e68ff2e4fd3c7853f61296d124d13.webp', 'image/webp');
INSERT INTO `sys_resource` VALUES (1676582110384246786, '2023-07-05 21:21:39', '2023-07-05 21:21:39', 0, '10cfecba227fd441bad2d14cb6deaf1c', '/2023/10cfecba227fd441bad2d14cb6deaf1c.webp', 'image/webp');
INSERT INTO `sys_resource` VALUES (1676582601482719233, '2023-07-05 21:23:36', '2023-07-05 21:23:36', 0, '6252126ba51e13eedd7b5437104b3b05', '/2023/6252126ba51e13eedd7b5437104b3b05.webp', 'image/webp');
INSERT INTO `sys_resource` VALUES (1676582748673429506, '2023-07-05 21:24:11', '2023-07-05 21:24:11', 0, 'dee8fb909b962d25fb0fc508bebec7a7', '/2023/dee8fb909b962d25fb0fc508bebec7a7.webp', 'image/webp');
INSERT INTO `sys_resource` VALUES (1676582903661350914, '2023-07-05 21:24:48', '2023-07-05 21:24:48', 0, '7d40a0fbc8654af618c50f72047e096f', '/2023/7d40a0fbc8654af618c50f72047e096f.webp', 'image/webp');
INSERT INTO `sys_resource` VALUES (1676583010716766210, '2023-07-05 21:25:14', '2023-07-05 21:25:14', 0, '1f4ca75026512639811e14058e4357e7', '/2023/1f4ca75026512639811e14058e4357e7.webp', 'image/webp');
INSERT INTO `sys_resource` VALUES (1676583159706832898, '2023-07-05 21:25:49', '2023-07-05 21:25:49', 0, '4126f5e143d6079655ec68b962f928a0', '/2023/4126f5e143d6079655ec68b962f928a0.webp', 'image/webp');
INSERT INTO `sys_resource` VALUES (1676583854270992386, '2023-07-05 21:28:35', '2023-07-05 21:28:35', 0, 'd3f562bff0f7f5fac0db8433eba6b9f8', '/2023/d3f562bff0f7f5fac0db8433eba6b9f8.webp', 'image/webp');
INSERT INTO `sys_resource` VALUES (1676583987029102594, '2023-07-05 21:29:07', '2023-07-05 21:29:07', 0, '808c7ed0d3b683a7731ca8d882a03e3e', '/2023/808c7ed0d3b683a7731ca8d882a03e3e.webp', 'image/webp');
INSERT INTO `sys_resource` VALUES (1676584123058769921, '2023-07-05 21:29:39', '2023-07-05 21:29:39', 0, '913c8431395e5f643ef1b78557f47704', '/2023/913c8431395e5f643ef1b78557f47704.webp', 'image/webp');
INSERT INTO `sys_resource` VALUES (1676584275748212738, '2023-07-05 21:30:15', '2023-07-05 21:30:15', 0, 'b1f8499957253a3abafb57e2426a4a20', '/2023/b1f8499957253a3abafb57e2426a4a20.webp', 'image/webp');
INSERT INTO `sys_resource` VALUES (1676584439351234562, '2023-07-05 21:30:54', '2023-07-05 21:30:54', 0, 'e6c91163b6d40ae1cad26ba142c8d928', '/2023/e6c91163b6d40ae1cad26ba142c8d928.webp', 'image/webp');
INSERT INTO `sys_resource` VALUES (1676584683384229889, '2023-07-05 21:31:53', '2023-07-05 21:31:53', 0, 'f12755b379e5182fed9943a76f209815', '/2023/f12755b379e5182fed9943a76f209815.webp', 'image/webp');
INSERT INTO `sys_resource` VALUES (1676584824522559490, '2023-07-05 21:32:26', '2023-07-05 21:32:26', 0, 'a147066b46000f975b24180e0045fa07', '/2023/a147066b46000f975b24180e0045fa07.webp', 'image/webp');
INSERT INTO `sys_resource` VALUES (1676585056505319426, '2023-07-05 21:33:22', '2023-07-05 21:33:22', 0, '32fe07fbdb40cf97773d71a618910f93', '/2023/32fe07fbdb40cf97773d71a618910f93.webp', 'image/webp');
INSERT INTO `sys_resource` VALUES (1676585298831233025, '2023-07-05 21:34:19', '2023-07-05 21:34:19', 0, '3c48994e343bd0155bf2ff338bcb4dcc', '/2023/3c48994e343bd0155bf2ff338bcb4dcc.webp', 'image/webp');
INSERT INTO `sys_resource` VALUES (1676585452942544897, '2023-07-05 21:34:56', '2023-07-05 21:34:56', 0, '17f8a42239da9b6b2884085d67518f83', '/2023/17f8a42239da9b6b2884085d67518f83.webp', 'image/webp');
INSERT INTO `sys_resource` VALUES (1676585623105458178, '2023-07-05 21:35:37', '2023-07-05 21:35:37', 0, '18ce21e38434b4c8353334f0364e9881', '/2023/18ce21e38434b4c8353334f0364e9881.webp', 'image/webp');
INSERT INTO `sys_resource` VALUES (1676585792874106882, '2023-07-05 21:36:17', '2023-07-05 21:36:17', 0, '43f0c66d2af265329febc38d8792ed60', '/2023/43f0c66d2af265329febc38d8792ed60.webp', 'image/webp');
INSERT INTO `sys_resource` VALUES (1676586395591397378, '2023-07-05 21:38:41', '2023-07-05 21:38:41', 0, '0da26b80cc581b706272b5b70deb2156', '/2023/0da26b80cc581b706272b5b70deb2156.webp', 'image/webp');
INSERT INTO `sys_resource` VALUES (1676586542975045634, '2023-07-05 21:39:16', '2023-07-05 21:39:16', 0, '21fec5a28bb69ddbd9512aceb5668b03', '/2023/21fec5a28bb69ddbd9512aceb5668b03.webp', 'image/webp');
INSERT INTO `sys_resource` VALUES (1676586863126269953, '2023-07-05 21:40:32', '2023-07-05 21:40:32', 0, 'c2425d09f56994d7120caac440dcac7d', '/2023/c2425d09f56994d7120caac440dcac7d.webp', 'image/webp');
INSERT INTO `sys_resource` VALUES (1676587040436277249, '2023-07-05 21:41:15', '2023-07-05 21:41:15', 0, 'ab39c1b27a1fc6424771164e71e5eaca', '/2023/ab39c1b27a1fc6424771164e71e5eaca.webp', 'image/webp');
INSERT INTO `sys_resource` VALUES (1676587244036182017, '2023-07-05 21:42:03', '2023-07-05 21:42:03', 0, '55f93b9a78cea0b15c937203697414ba', '/2023/55f93b9a78cea0b15c937203697414ba.webp', 'image/webp');
INSERT INTO `sys_resource` VALUES (1676587386915147778, '2023-07-05 21:42:37', '2023-07-05 21:42:37', 0, 'c0578e8fcc9b4e63853b80425edaca27', '/2023/c0578e8fcc9b4e63853b80425edaca27.webp', 'image/webp');
INSERT INTO `sys_resource` VALUES (1676587834464161793, '2023-07-05 21:44:24', '2023-07-05 21:44:24', 0, 'ca33d1f7e77047e0b368d0ba64d0fcb0', '/2023/ca33d1f7e77047e0b368d0ba64d0fcb0.webp', 'image/webp');
INSERT INTO `sys_resource` VALUES (1676587976621707265, '2023-07-05 21:44:58', '2023-07-05 21:44:58', 0, 'e5c1c4949cd70ccd96dcffb556a644aa', '/2023/e5c1c4949cd70ccd96dcffb556a644aa.webp', 'image/webp');
INSERT INTO `sys_resource` VALUES (1676588237838864385, '2023-07-05 21:46:00', '2023-07-05 21:46:00', 0, '6491bb06917165fa4b31c6dc89ea9cb3', '/2023/6491bb06917165fa4b31c6dc89ea9cb3.webp', 'image/webp');
INSERT INTO `sys_resource` VALUES (1676588570472337409, '2023-07-05 21:47:19', '2023-07-05 21:47:19', 0, '050518bbe1df2be7bd7a8d0971dd5279', '/2023/050518bbe1df2be7bd7a8d0971dd5279.webp', 'image/webp');
INSERT INTO `sys_resource` VALUES (1676588770704216066, '2023-07-05 21:48:07', '2023-07-05 21:48:07', 0, 'f891c54572e1bf380bb29d476aac3dc6', '/2023/f891c54572e1bf380bb29d476aac3dc6.webp', 'image/webp');
INSERT INTO `sys_resource` VALUES (1676588948978913281, '2023-07-05 21:48:50', '2023-07-05 21:48:50', 0, '675bc558388f2274ec337eeece821504', '/2023/675bc558388f2274ec337eeece821504.webp', 'image/webp');
INSERT INTO `sys_resource` VALUES (1676589219532492802, '2023-07-05 21:49:54', '2023-07-05 21:49:54', 0, '1170cfb1c69ed77c1a2bde158893999b', '/2023/1170cfb1c69ed77c1a2bde158893999b.webp', 'image/webp');
INSERT INTO `sys_resource` VALUES (1676589340034846722, '2023-07-05 21:50:23', '2023-07-05 21:50:23', 0, '4bbab27c65e398edc7a3a6242d7a6d23', '/2023/4bbab27c65e398edc7a3a6242d7a6d23.webp', 'image/webp');
INSERT INTO `sys_resource` VALUES (1676589582625001473, '2023-07-05 21:51:21', '2023-07-05 21:51:21', 0, 'cbb43c69cbe09c9e6ecacb6b00baaf94', '/2023/cbb43c69cbe09c9e6ecacb6b00baaf94.webp', 'image/webp');
INSERT INTO `sys_resource` VALUES (1676589773092540418, '2023-07-05 21:52:06', '2023-07-05 21:52:06', 0, '3c665cac9d941d51c430edc8195fc895', '/2023/3c665cac9d941d51c430edc8195fc895.webp', 'image/webp');
INSERT INTO `sys_resource` VALUES (1676589898078605313, '2023-07-05 21:52:36', '2023-07-05 21:52:36', 0, '86618b53084aba7b590dc52eac747b31', '/2023/86618b53084aba7b590dc52eac747b31.webp', 'image/webp');
INSERT INTO `sys_resource` VALUES (1676838169158017026, '2023-07-06 14:19:08', '2023-07-06 14:19:08', 0, '482b8a8311f3c61c42e4887213d13c6f', '/2023/482b8a8311f3c61c42e4887213d13c6f.webp', 'image/webp');
INSERT INTO `sys_resource` VALUES (1676838895594692610, '2023-07-06 14:22:02', '2023-07-06 14:22:02', 0, '9230256f93c76e9b8b163dff91ea8d23', '/2023/9230256f93c76e9b8b163dff91ea8d23.webp', 'image/webp');
INSERT INTO `sys_resource` VALUES (1676869033606696961, '2023-07-06 16:21:47', '2023-07-06 16:21:47', 0, '18aa56291582b7bb7b212205ce3950bd', '/2023/18aa56291582b7bb7b212205ce3950bd.jpg', 'image/jpeg');
INSERT INTO `sys_resource` VALUES (1676869659258441730, '2023-07-06 16:24:16', '2023-07-06 16:24:16', 0, 'ab520456ffcebf0acf9ea59993cdd28e', '/2023/ab520456ffcebf0acf9ea59993cdd28e.jpeg', 'image/jpeg');
INSERT INTO `sys_resource` VALUES (1676869678766149634, '2023-07-06 16:24:21', '2023-07-06 16:24:21', 0, '59aa80082e2a4e093b2cc1f2445e7c04', '/2023/59aa80082e2a4e093b2cc1f2445e7c04.jpg', 'image/jpeg');
INSERT INTO `sys_resource` VALUES (1676883904326979586, '2023-07-06 17:20:52', '2023-07-06 17:20:52', 0, '3d7bd9d59ae8ab0dc59dcc30dcaf92c1', '/2023/3d7bd9d59ae8ab0dc59dcc30dcaf92c1.jpeg', 'image/jpeg');
INSERT INTO `sys_resource` VALUES (1676890731433357313, '2023-07-06 17:48:00', '2023-07-06 17:48:00', 0, '6bc1442bf6a877fc0811b71f5fb8bc9a', '/2023/6bc1442bf6a877fc0811b71f5fb8bc9a.jpg', 'image/jpeg');
INSERT INTO `sys_resource` VALUES (1676896627429376002, '2023-07-06 18:11:26', '2023-07-06 18:11:26', 0, '58812dee2f8e6f0e18df44d572fa5f2e', '/2023/58812dee2f8e6f0e18df44d572fa5f2e.jpg', 'image/jpeg');
INSERT INTO `sys_resource` VALUES (1676898832022667266, '2023-07-06 18:20:11', '2023-07-06 18:20:11', 0, 'a0152c077e683f890561d44ff87d44b9', '/2023/a0152c077e683f890561d44ff87d44b9.jpg', 'image/jpeg');
INSERT INTO `sys_resource` VALUES (1676900598306996225, '2023-07-06 18:27:13', '2023-07-06 18:27:13', 0, '9ba5f000dff461050dc98bdbe9ab5d08', '/2023/9ba5f000dff461050dc98bdbe9ab5d08.jpg', 'image/jpeg');
INSERT INTO `sys_resource` VALUES (1676900637171417090, '2023-07-06 18:27:22', '2023-07-06 18:27:22', 0, '803e408911f8ce14298cd037b98a8ecb', '/2023/803e408911f8ce14298cd037b98a8ecb.jpg', 'image/jpeg');
INSERT INTO `sys_resource` VALUES (1676902502378405889, '2023-07-06 18:34:47', '2023-07-06 18:34:47', 0, '322e055a42d879ca8823bc3a17f6b19e', '/2023/322e055a42d879ca8823bc3a17f6b19e.jpeg', 'image/jpeg');
INSERT INTO `sys_resource` VALUES (1676902586373537793, '2023-07-06 18:35:07', '2023-07-06 18:35:07', 0, '1c399d9c91714d4d06450ce8e7109847', '/2023/1c399d9c91714d4d06450ce8e7109847.jpeg', 'image/jpeg');
INSERT INTO `sys_resource` VALUES (1676903275682234369, '2023-07-06 18:37:51', '2023-07-06 18:37:51', 0, '39c39495cdd89faf13061e4b16891cbb', '/2023/39c39495cdd89faf13061e4b16891cbb.jpg', 'image/jpeg');
INSERT INTO `sys_resource` VALUES (1676903416887672833, '2023-07-06 18:38:25', '2023-07-06 18:38:25', 0, '2a5d27b4678c9d7944893d36ae34a999', '/2023/2a5d27b4678c9d7944893d36ae34a999.jpg', 'image/jpeg');
INSERT INTO `sys_resource` VALUES (1676936998423273473, '2023-07-06 20:51:51', '2023-07-06 20:51:51', 0, '8cafb570d406c2c0c5bfa16139a76caa', '/2023/8cafb570d406c2c0c5bfa16139a76caa.zip', 'application/zip');

-- ----------------------------
-- Table structure for sys_user
-- ----------------------------
DROP TABLE IF EXISTS `sys_user`;
CREATE TABLE `sys_user`  (
  `id` bigint NOT NULL,
  `username` varchar(11) CHARACTER SET utf8mb4 COLLATE utf8mb4_0900_ai_ci NOT NULL,
  `password` varchar(128) CHARACTER SET utf8mb4 COLLATE utf8mb4_0900_ai_ci NOT NULL,
  `role` tinyint(1) NOT NULL DEFAULT 0 COMMENT '0：普通用户，1：管理员',
  `email` varchar(32) CHARACTER SET utf8mb4 COLLATE utf8mb4_0900_ai_ci NOT NULL DEFAULT '',
  `create_time` datetime NOT NULL,
  `update_time` datetime NOT NULL,
  `status` tinyint(1) NOT NULL COMMENT '0: 正常，1：停用',
  `tag` varchar(64) CHARACTER SET utf8mb4 COLLATE utf8mb4_0900_ai_ci NOT NULL DEFAULT '',
  `nickname` varchar(32) CHARACTER SET utf8mb4 COLLATE utf8mb4_0900_ai_ci NOT NULL,
  `avatar` bigint NOT NULL DEFAULT 0,
  `qualification` bigint NULL DEFAULT 0,
  PRIMARY KEY (`id`) USING BTREE,
  INDEX `unique_username`(`username` ASC, `id` ASC) USING BTREE COMMENT '唯一索引'
) ENGINE = InnoDB CHARACTER SET = utf8mb4 COLLATE = utf8mb4_0900_ai_ci ROW_FORMAT = Dynamic;

-- ----------------------------
-- Records of sys_user
-- ----------------------------
INSERT INTO `sys_user` VALUES (1669613174182801410, 'admin', '$2a$10$0whFg3mmf2nbpPxhgUU7C.RLHyXpV4uHEk3L0e5DK8h90glAheiP6', 1, '', '2023-06-16 15:49:35', '2023-06-16 15:49:35', 0, '', '', 0, 0);
INSERT INTO `sys_user` VALUES (1671370755721060354, '15914589726', '$2a$10$EqLFsotuY2HKcQzLtT7lOOR0z4yJfawhxxdiWdO360BERfWBGo7nO', 0, 'qq194183997@163.com', '2023-07-06 18:38:27', '2023-07-06 18:38:27', 0, '游戏设计师 造型设计师 网页设计师', '随便写写', 1676903275682234369, 1676903416887672833);
INSERT INTO `sys_user` VALUES (1674319707211460610, '15914589725', '$2a$10$KgOAZTDO6RFWz9Ii.2qUoux3w3Niq0wTLWnW0HE6p5uNS81J.nGia', 0, '', '2023-06-29 15:31:40', '2023-06-29 15:31:40', 0, '', 'nick_1688023900099', 0, 0);
INSERT INTO `sys_user` VALUES (1674322784345812993, '11111111111', '$2a$10$kLBkDkplJyDMt9C0mQ4cxecCfgRLHewoXxGJMPrJcPFmaWYiRO8Ly', 0, '', '2023-06-29 15:43:54', '2023-06-29 15:43:54', 0, '', 'nick_1688024633753', 0, 0);
INSERT INTO `sys_user` VALUES (1675676116041027586, '11111111112', '$2a$10$K.17u2S9pUMAutP5Z4Ym8ef93yc3KVGIwGhXg6jz8y3cnbQY1BDFK', 0, '', '2023-07-03 09:21:33', '2023-07-03 09:21:33', 0, '', 'nick_1688347293224', 0, 0);
INSERT INTO `sys_user` VALUES (1675677815413624834, '11111111113', '$2a$10$oWzg1yUT1kooJHW9muxwi.U1JDZEKbwxY71aQ1eXLoaVBVY.Rw3qK', 0, 'huanghao@hfut.edu.cn', '2023-07-03 19:55:11', '2023-07-03 19:55:11', 0, 'c++ react vue', '啊实打实的', 1674727286290231297, 1674727286290231297);
INSERT INTO `sys_user` VALUES (1675713231919423489, '11111111114', '$2a$10$XJCp1zHlUx9yy3VKZDEPceeljFhPqHVbFLpVPAdR1m93Twds2q2la', 0, '1264989653@qq.com', '2023-07-06 18:26:42', '2023-07-06 18:26:42', 0, '网页设计师 珠宝设计师 java 建筑设计师', '撒旦的', 1676890731433357313, 1676869678766149634);
INSERT INTO `sys_user` VALUES (1676490289872322561, '18740205996', '$2a$10$mfNFDhlhWJihREVsbygToO4phmV2ALn7xAFPn1FnE5CAzoDH3boGa', 0, 'zhanghjzzz@qq.com', '2023-07-05 15:28:06', '2023-07-05 15:28:06', 0, 'c++', '1e4ves', 1676493065012592641, 1676493065012592641);
INSERT INTO `sys_user` VALUES (1676501636131536897, '15041911628', '$2a$10$1ff6q59lSyE8obCLQD14JO1GrLxbBEwttq9iPqzh1juEzfRsZgDoS', 0, 'hhhuanghao@qq.com', '2023-07-05 16:04:33', '2023-07-05 16:04:33', 0, '品牌设计师', 'zhjzhj', 1676501210489372674, 1676501210489372674);
INSERT INTO `sys_user` VALUES (1676564493271556098, '12345678910', '$2a$10$2EUS0ylG73f0.0TInGIvW.biZaCUjrBAdFloQkK/3Ro2NtHA712dy', 0, 'huanghao@qq.com', '2023-07-05 20:26:43', '2023-07-05 20:26:43', 0, 'c++ 游戏设计师', 'hh', 1676567472066158594, 1676567472066158594);
INSERT INTO `sys_user` VALUES (1676569926816137217, '10987654321', '$2a$10$DMRVs25Pg9FykY99PFva4OwULcDJ5ET8dZ3R.mLxfzOt3pq28U/uy', 0, '123456@qq.com', '2023-07-06 18:35:12', '2023-07-06 18:35:12', 0, 'c++', 'Zhang', 1676902502378405889, 1676902586373537793);
INSERT INTO `sys_user` VALUES (1676575328182108162, '13579246810', '$2a$10$5HBFviuJd1OwD8AMOJQn7OboCksuOgUdnzQW4FLOtpXRB7CQdfa52', 0, '', '2023-07-05 20:54:42', '2023-07-05 20:54:42', 0, '', 'nick_1688561682091', 0, 0);
INSERT INTO `sys_user` VALUES (1676583738478841857, '15140959695', '$2a$10$JARt9GbHOV1rCfz4l4pgdeJWv5301TPo0S13nbOYwCFiERm0J/GpK', 0, '', '2023-07-05 21:28:07', '2023-07-05 21:28:07', 0, '', 'nick_1688563687257', 0, 0);
INSERT INTO `sys_user` VALUES (1676836617873674241, '11111111115', '$2a$10$3HvAd3JzGyWgwE5e41yIZexfZV1x9W8ofvvSS7npmQDk3ywu.eqDG', 0, '1264989653@qq.com', '2023-07-06 14:22:07', '2023-07-06 14:22:07', 0, '造型设计师 珠宝设计师 java vue', 'nick_1688623978411', 1676838895594692610, 1676838169158017026);
INSERT INTO `sys_user` VALUES (1676839091665821697, '11111111116', '$2a$10$UKVlsSVEu8UzLRnCwvrPhO9KUP2phdht7YZdIABwi9VUCHVPJWKA6', 0, '', '2023-07-06 14:22:48', '2023-07-06 14:22:48', 0, '', 'nick_1688624568207', 0, 0);
INSERT INTO `sys_user` VALUES (1676883062513389569, '13208959895', '$2a$10$0L/BLKtGEDYAcpsyS.9dfueo0/NrsDqqJpZzHAAjK7SW1UCF.4A12', 0, '', '2023-07-06 17:17:32', '2023-07-06 17:17:32', 0, '', 'nick_1688635051675', 0, 0);
INSERT INTO `sys_user` VALUES (1676883627058319361, '32165498710', '$2a$10$xx7ID.exVTuoiva4fpDdSOXQ/mvtQIiDq4Ru6KaTdeleNP23lfkQu', 0, '123456789@qq.com', '2023-07-06 17:21:08', '2023-07-06 17:21:08', 0, '游戏设计师 java 建筑设计师', 'nick_1688635186262', 1676883904326979586, 1676883904326979586);
INSERT INTO `sys_user` VALUES (1676887366993375234, '18084658618', '$2a$10$Fs4HvUwHh15B./iBT7FefeIb8IyXYcfNlzJd/cs.hOU5DgjmO/xeK', 0, '1264989653@qq.com', '2023-07-06 17:35:50', '2023-07-06 17:35:50', 0, '造型设计师 c++ vue', 'qqxqqx', 1676869659258441730, 1676869678766149634);

-- ----------------------------
-- Table structure for sys_works
-- ----------------------------
DROP TABLE IF EXISTS `sys_works`;
CREATE TABLE `sys_works`  (
  `id` bigint NOT NULL,
  `create_time` datetime NOT NULL,
  `update_time` datetime NOT NULL,
  `status` tinyint NOT NULL DEFAULT 0,
  `designer_id` bigint NOT NULL,
  `demand_id` bigint NULL DEFAULT NULL,
  `body` varchar(5120) CHARACTER SET utf8mb4 COLLATE utf8mb4_0900_ai_ci NULL DEFAULT '',
  `grade` tinyint NULL DEFAULT -1,
  `evaluate` varchar(511) CHARACTER SET utf8mb4 COLLATE utf8mb4_0900_ai_ci NULL DEFAULT '',
  `title` varchar(255) CHARACTER SET utf8mb4 COLLATE utf8mb4_0900_ai_ci NULL DEFAULT '',
  `theme` varchar(255) CHARACTER SET utf8mb4 COLLATE utf8mb4_0900_ai_ci NOT NULL DEFAULT '',
  `tag` varchar(255) CHARACTER SET utf8mb4 COLLATE utf8mb4_0900_ai_ci NOT NULL DEFAULT '',
  `annex_id` varchar(255) CHARACTER SET utf8mb4 COLLATE utf8mb4_0900_ai_ci NOT NULL,
  PRIMARY KEY (`id`) USING BTREE,
  INDEX `idx`(`designer_id` ASC, `id` ASC) USING BTREE
) ENGINE = InnoDB CHARACTER SET = utf8mb4 COLLATE = utf8mb4_0900_ai_ci ROW_FORMAT = Dynamic;

-- ----------------------------
-- Records of sys_works
-- ----------------------------
INSERT INTO `sys_works` VALUES (1675509556823359489, '2023-07-02 22:19:42', '2023-07-02 22:19:42', 0, 1671370755721060354, 1, '希望不会出现bug，搜索测试能成功吗?', -1, '', '搜索测试', '', 'java c++ vue react', '[1674726291338407937,1674726566648328193,1674727017020108802]');
INSERT INTO `sys_works` VALUES (1675704392687980545, '2023-07-03 11:13:55', '2023-07-06 15:19:30', 0, 1671370755721060354, NULL, '时代顶顶顶顶顶顶顶顶的合规合法八八八八从', -1, '', '是顶顶顶顶顶顶顶的窘境下次哦进行阿萨消息称查询', '', '造型设计师 珠宝设计师 c++ 品牌设计师', '[\"1675067400971247618\"]');
INSERT INTO `sys_works` VALUES (1675775435125456897, '2023-07-03 15:56:13', '2023-07-05 21:33:29', 0, 1675713231919423489, NULL, '不错', -1, '', '你的名字', '', '游戏设计师', '[\"1676585056505319426\"]');
INSERT INTO `sys_works` VALUES (1675802605021466625, '2023-07-03 17:44:11', '2023-07-05 21:34:27', 0, 1675713231919423489, NULL, '不错', -1, '', '心灵奇旅', '', '珠宝设计师 网页设计师 java', '[\"1676585298831233025\"]');
INSERT INTO `sys_works` VALUES (1676194293846056961, '2023-07-04 19:40:36', '2023-07-05 21:38:48', 0, 1675677815413624834, NULL, '不错', -1, '', '七号房的礼物', '', '建筑设计师 珠宝设计师 c++', '[\"1676586395591397378\"]');
INSERT INTO `sys_works` VALUES (1676216456548323330, '2023-07-04 21:08:40', '2023-07-05 21:35:46', 0, 1675713231919423489, NULL, '真不错', -1, '', '彗星来的那一夜', '', '珠宝设计师 vue 网页设计师', '[\"1676585623105458178\"]');
INSERT INTO `sys_works` VALUES (1676498704501784577, '2023-07-05 15:50:14', '2023-07-05 21:40:44', 0, 1676490289872322561, NULL, '没看过，薇诺娜好看', -1, '', '剪刀手爱德华', '', '珠宝设计师 建筑设计师 ps', '[\"1676586863126269953\"]');
INSERT INTO `sys_works` VALUES (1676499898028736513, '2023-07-05 15:54:58', '2023-07-05 21:41:24', 0, 1676490289872322561, NULL, '没看过，不予评价', -1, '', '勇敢的心', '', '建筑设计师 网页设计师 ps', '[\"1676587040436277249\"]');
INSERT INTO `sys_works` VALUES (1676500298358276098, '2023-07-05 15:56:34', '2023-07-05 21:42:10', 0, 1676490289872322561, NULL, '神中神', -1, '', '重庆森林', '', '网页设计师 建筑设计师 c++', '[\"1676587244036182017\"]');
INSERT INTO `sys_works` VALUES (1676501252210114561, '2023-07-05 16:00:21', '2023-07-05 21:42:45', 0, 1676490289872322561, NULL, '还行', -1, '', '菊次郎的夏天', '', '建筑设计师 ps react', '[\"1676587386915147778\"]');
INSERT INTO `sys_works` VALUES (1676509599093149697, '2023-07-05 16:33:31', '2023-07-05 21:44:33', 0, 1676501636131536897, NULL, '不错呢', -1, '', '甜蜜蜜', '', '游戏设计师 c++', '[\"1676587834464161793\"]');
INSERT INTO `sys_works` VALUES (1676510109372145666, '2023-07-05 16:35:33', '2023-07-05 21:45:05', 0, 1676501636131536897, NULL, '不错', -1, '', '阳光灿烂的日子', '', 'java', '[\"1676587976621707265\"]');
INSERT INTO `sys_works` VALUES (1676510110907260929, '2023-07-05 16:35:33', '2023-07-05 21:46:29', 0, 1676501636131536897, NULL, '没看过', -1, '', '消失的爱人', '', '珠宝设计师 java', '[\"1676588237838864385\"]');
INSERT INTO `sys_works` VALUES (1676557817009020929, '2023-07-05 19:45:07', '2023-07-05 21:39:23', 0, 1675677815413624834, NULL, '不错', -1, '', '请以你的名字呼唤我', '', '建筑设计师 珠宝设计师 ps', '[\"1676586542975045634\"]');
INSERT INTO `sys_works` VALUES (1676563465809682433, '2023-07-05 20:07:34', '2023-07-05 21:47:28', 0, 1676501636131536897, NULL, '不错', -1, '', '寄生虫', '', '品牌设计师 珠宝设计师 c++', '[\"1676588570472337409\"]');
INSERT INTO `sys_works` VALUES (1676564020422500353, '2023-07-05 20:09:46', '2023-07-05 21:48:18', 0, 1676501636131536897, NULL, '不错', -1, '', '驯龙高手', '', '珠宝设计师', '[\"1676588770704216066\"]');
INSERT INTO `sys_works` VALUES (1676564306927017985, '2023-07-05 20:10:54', '2023-07-05 21:48:54', 0, 1676501636131536897, NULL, '不错', -1, '', '傲慢与偏见', '', '珠宝设计师 java', '[\"1676588948978913281\"]');
INSERT INTO `sys_works` VALUES (1676565051227234306, '2023-07-05 20:13:52', '2023-07-05 21:50:00', 0, 1676564493271556098, NULL, '经典', -1, '', '茶馆', '', '游戏设计师 品牌设计师', '[\"1676589219532492802\"]');
INSERT INTO `sys_works` VALUES (1676565943246643202, '2023-07-05 20:17:25', '2023-07-05 21:50:29', 0, 1676564493271556098, NULL, '没看过', -1, '', '沉默的羔羊', '', '珠宝设计师 c++', '[\"1676589340034846722\"]');
INSERT INTO `sys_works` VALUES (1676566360579792898, '2023-07-05 20:19:04', '2023-07-05 21:51:26', 0, 1676564493271556098, NULL, '没看过', -1, '', '心灵捕手', '', '品牌设计师 游戏设计师', '[\"1676589582625001473\"]');
INSERT INTO `sys_works` VALUES (1676567169581342722, '2023-07-05 20:22:17', '2023-07-05 21:52:13', 0, 1676564493271556098, NULL, '没看过', -1, '', '春光乍泄', '', 'react ps 网页设计师', '[\"1676589773092540418\"]');
INSERT INTO `sys_works` VALUES (1676567522108399618, '2023-07-05 20:23:41', '2023-07-05 21:52:42', 0, 1676564493271556098, NULL, '不错', -1, '', '喜剧之王', '', '建筑设计师 vue', '[\"1676589898078605313\"]');
INSERT INTO `sys_works` VALUES (1676570854923337730, '2023-07-05 20:36:56', '2023-07-05 20:36:56', 0, 1676569926816137217, NULL, '神中神', -1, '', '无间道', '', '网页设计师 react vue', '[\"1676570809897484290\"]');
INSERT INTO `sys_works` VALUES (1676571027300843521, '2023-07-05 20:37:37', '2023-07-05 20:37:37', 0, 1676569926816137217, NULL, '神中神2', -1, '', '教父', '', '造型设计师 ps', '[\"1676570991053668353\"]');
INSERT INTO `sys_works` VALUES (1676571181634453506, '2023-07-05 20:38:14', '2023-07-05 20:38:14', 0, 1676569926816137217, NULL, '星爷神中神', -1, '', '功夫', '', '网页设计师 珠宝设计师 c++', '[\"1676571139267788801\"]');
INSERT INTO `sys_works` VALUES (1676571471003680770, '2023-07-05 20:39:23', '2023-07-05 20:39:23', 0, 1676569926816137217, NULL, '神中神神', -1, '', '情书', '', '建筑设计师 品牌设计师', '[\"1676571439185690625\"]');
INSERT INTO `sys_works` VALUES (1676571692408406018, '2023-07-05 20:40:15', '2023-07-05 20:40:15', 0, 1676569926816137217, NULL, '杀手神中神啊', -1, '', '这个杀手不太冷', '', '网页设计师 ps', '[\"1676571658757505026\"]');
INSERT INTO `sys_works` VALUES (1676571881672179713, '2023-07-05 20:41:00', '2023-07-05 20:42:49', 0, 1676569926816137217, NULL, '寻梦神中神', -1, '', '寻梦环游记', '', 'java 游戏设计师', '[\"1676571826697437186\"]');
INSERT INTO `sys_works` VALUES (1676572471756226561, '2023-07-05 20:43:21', '2023-07-05 20:43:21', 0, 1676569926816137217, NULL, '神中神', -1, '', '泰坦尼克号', '', '造型设计师 网页设计师 c++', '[\"1676572409412091906\"]');
INSERT INTO `sys_works` VALUES (1676573094299992066, '2023-07-05 20:45:50', '2023-07-05 20:45:50', 0, 1676569926816137217, NULL, '小丑没看过', -1, '', '小丑', '', '造型设计师 建筑设计师 珠宝设计师', '[\"1676573038985510914\"]');
INSERT INTO `sys_works` VALUES (1676574307754082305, '2023-07-05 20:50:39', '2023-07-05 20:50:39', 0, 1676501636131536897, NULL, '没看过，不予评价', -1, '', '百鸟朝凤', '', '造型设计师 java', '[\"1676573038985510914\"]');
INSERT INTO `sys_works` VALUES (1676574797753647105, '2023-07-05 20:52:36', '2023-07-05 20:52:36', 0, 1676501636131536897, NULL, '神中神', -1, '', '我不是药神', '', '网页设计师 c++ 品牌设计师', '[\"1676574704212279297\"]');
INSERT INTO `sys_works` VALUES (1676575101521920002, '2023-07-05 20:53:48', '2023-07-05 20:53:48', 0, 1676501636131536897, NULL, '神中神', -1, '', '阿甘正传', '', '造型设计师 java', '[\"1676575064914034690\"]');
INSERT INTO `sys_works` VALUES (1676575185890344961, '2023-07-05 20:54:08', '2023-07-05 20:54:08', 0, 1676501636131536897, NULL, '666', -1, '', '阿甘正传', '', '造型设计师', '[\"1676575064914034690\"]');
INSERT INTO `sys_works` VALUES (1676575611419262978, '2023-07-05 20:55:50', '2023-07-05 20:55:50', 0, 1676575328182108162, NULL, '神中神', -1, '', '盗梦空间', '', '造型设计师 c++ 品牌设计师 珠宝设计师', '[\"1676575574794600449\"]');
INSERT INTO `sys_works` VALUES (1676575748774330370, '2023-07-05 20:56:22', '2023-07-05 20:56:22', 0, 1676575328182108162, NULL, '神中神', -1, '', '海上钢琴师', '', '网页设计师 造型设计师 java', '[\"1676575715249258498\"]');
INSERT INTO `sys_works` VALUES (1676576255278526465, '2023-07-05 20:58:23', '2023-07-05 20:58:23', 0, 1676575328182108162, NULL, '好', -1, '', '霸王别姬', '', '游戏设计师 c++', '[\"1676576072968863745\"]');
INSERT INTO `sys_works` VALUES (1676581752144547842, '2023-07-05 21:20:14', '2023-07-05 21:20:14', 0, 1676575328182108162, NULL, '还行不错', -1, '', '千与千寻', '', '网页设计师 java ps', '[\"1676581712642592769\"]');
INSERT INTO `sys_works` VALUES (1676581988606824450, '2023-07-05 21:21:10', '2023-07-05 21:21:10', 0, 1676575328182108162, NULL, '神中神', -1, '', '楚门的世界', '', '造型设计师 珠宝设计师 品牌设计师', '[\"1676581946953191426\"]');
INSERT INTO `sys_works` VALUES (1676582157003935746, '2023-07-05 21:21:50', '2023-07-05 21:21:50', 0, 1676575328182108162, NULL, '真神中神', -1, '', '三傻大闹宝莱坞', '', '造型设计师 珠宝设计师', '[\"1676582110384246786\"]');
INSERT INTO `sys_works` VALUES (1676582662342070273, '2023-07-05 21:23:51', '2023-07-05 21:23:51', 0, 1676575328182108162, NULL, '没看过，据说神中神', -1, '', '龙猫', '', '品牌设计师 ps', '[\"1676582601482719233\"]');
INSERT INTO `sys_works` VALUES (1676582791480496129, '2023-07-05 21:24:22', '2023-07-05 21:24:22', 0, 1676575328182108162, NULL, '神中神终身', -1, '', '怦然心动', '', '品牌设计师 c++', '[\"1676582748673429506\"]');
INSERT INTO `sys_works` VALUES (1676582934632091650, '2023-07-05 21:24:56', '2023-07-05 21:24:56', 0, 1676575328182108162, NULL, '无敌无敌神', -1, '', '让子弹飞', '', 'java 珠宝设计师', '[\"1676582903661350914\"]');
INSERT INTO `sys_works` VALUES (1676583054413025281, '2023-07-05 21:25:24', '2023-07-05 21:25:24', 0, 1676575328182108162, NULL, '刚看的，神中神', -1, '', '天空之城', '', 'java 珠宝设计师 网页设计师', '[\"1676583010716766210\"]');
INSERT INTO `sys_works` VALUES (1676583206339104770, '2023-07-05 21:26:00', '2023-07-05 21:26:00', 0, 1676575328182108162, NULL, '巨无敌神中神', -1, '', '天堂电影院', '', '品牌设计师 ps', '[\"1676583159706832898\"]');
INSERT INTO `sys_works` VALUES (1676583911120588802, '2023-07-05 21:28:48', '2023-07-05 21:28:48', 0, 1676583738478841857, NULL, '神中神终身', -1, '', '蝴蝶效应', '', '网页设计师 vue react', '[\"1676583854270992386\"]');
INSERT INTO `sys_works` VALUES (1676584040594558977, '2023-07-05 21:29:19', '2023-07-05 21:29:19', 0, 1676583738478841857, NULL, '没看过，不予评价', -1, '', '低俗小说', '', '网页设计师 c++', '[\"1676583987029102594\"]');
INSERT INTO `sys_works` VALUES (1676584158634856449, '2023-07-05 21:29:48', '2023-07-05 21:29:48', 0, 1676583738478841857, NULL, '还不错感觉', -1, '', '杀人回忆', '', '网页设计师 建筑设计师 java', '[\"1676584123058769921\"]');
INSERT INTO `sys_works` VALUES (1676584317632532482, '2023-07-05 21:30:25', '2023-07-05 21:30:25', 0, 1676583738478841857, NULL, '真不错', -1, '', '入殓师', '', '造型设计师 建筑设计师 vue', '[\"1676584275748212738\"]');
INSERT INTO `sys_works` VALUES (1676584469688635393, '2023-07-05 21:31:02', '2023-07-05 21:31:02', 0, 1676583738478841857, NULL, '神中神', -1, '', '超能陆战队', '', '造型设计师 java', '[\"1676584439351234562\"]');
INSERT INTO `sys_works` VALUES (1676584711175688193, '2023-07-05 21:31:59', '2023-07-05 21:31:59', 0, 1676583738478841857, NULL, '不错', -1, '', '大鱼', '', '造型设计师 c++', '[\"1676584683384229889\"]');
INSERT INTO `sys_works` VALUES (1676584856936140801, '2023-07-05 21:32:34', '2023-07-05 21:32:34', 0, 1676583738478841857, NULL, '还行吧', -1, '', '头号玩家', '', 'react vue 珠宝设计师', '[\"1676584824522559490\"]');
INSERT INTO `sys_works` VALUES (1676585495888023553, '2023-07-05 21:35:06', '2023-07-05 21:35:06', 0, 1675713231919423489, NULL, '还行', -1, '', '源代码', '', '造型设计师 java', '[\"1676585452942544897\"]');
INSERT INTO `sys_works` VALUES (1676585827351285762, '2023-07-05 21:36:25', '2023-07-05 21:36:25', 0, 1675713231919423489, NULL, '神中神', -1, '', '花束般的恋爱', '', '造型设计师 建筑设计师 品牌设计师', '[\"1676585792874106882\"]');
INSERT INTO `sys_works` VALUES (1676890766682288130, '2023-07-06 17:48:09', '2023-07-06 17:48:09', 0, 1676887366993375234, NULL, '好看', -1, '', '辛德勒的名单', '', '网页设计师 珠宝设计师 vue', '[\"1676890731433357313\"]');
INSERT INTO `sys_works` VALUES (1676896660757315585, '2023-07-06 18:11:34', '2023-07-06 18:13:57', 0, 1676887366993375234, NULL, '不好看股份', -1, '', '好女孩', '', '网页设计师 品牌设计师 c++', '[\"1676869659258441730\"]');
INSERT INTO `sys_works` VALUES (1676897415102889985, '2023-07-06 18:14:34', '2023-07-06 18:20:30', 0, 1676887366993375234, NULL, '股骨长', -1, '', '坏女孩', '', '网页设计师 品牌设计师 珠宝设计师', '[\"1676898832022667266\"]');
INSERT INTO `sys_works` VALUES (1676899086663057410, '2023-07-06 18:21:12', '2023-07-06 18:21:12', 0, 1676887366993375234, NULL, '没看过', -1, '', '钢琴家', '', '游戏设计师 vue ps', '[\"1676896627429376002\"]');
INSERT INTO `sys_works` VALUES (1676936999262134273, '2023-07-06 20:51:51', '2023-07-06 20:51:51', 0, 1676569926816137217, NULL, '', -1, '', '', '', '', '[null]');

SET FOREIGN_KEY_CHECKS = 1;
